year,geography_type,geography_id,geography_name,state_fips,county_fips,full_county_fips,cbsa_code,single_family_units,total_units,single_family_share,single_family_value,multifamily_units,multifamily_value,total_value,source_file,geo_level
2014,county,02020,Anchorage Borough,02,020,02020,,572,770,0.7429,179917040,198,31600484,211517524,co2014a.txt,county
2014,county,02020,Anchorage Municipality,02,020,02020,,572,770,0.7429,179917040,198,31600484,211517524,co2014a.txt,county
2014,county,02110,Juneau Borough,02,110,02110,,68,204,0.3333,13906374,136,15790284,29696658,co2014a.txt,county
2014,county,02110,Juneau City and Borough,02,110,02110,,68,204,0.3333,13906374,136,15790284,29696658,co2014a.txt,county
2014,county,02220,Sitka Borough,02,220,02220,,17,17,1.0,4543725,0,0,4543725,co2014a.txt,county
2014,county,02220,Sitka City and Borough,02,220,02220,,17,17,1.0,4543725,0,0,4543725,co2014a.txt,county
2014,county,02282,Yakutat Borough,02,282,02282,,3,3,1.0,570364,0,0,570364,co2014a.txt,county
2014,county,02282,Yakutat City and Borough,02,282,02282,,3,3,1.0,570364,0,0,570364,co2014a.txt,county
2014,county,24037,St. Mary's County,24,037,24037,,451,457,0.9869,101387229,6,1094000,102481229,co2014a.txt,county
2014,county,24037,St. Marys County,24,037,24037,,451,457,0.9869,101387229,6,1094000,102481229,co2014a.txt,county
2015,county,02020,Anchorage Borough,02,020,02020,,648,834,0.777,202797264,186,29992720,232789984,co2015a.txt,county
2015,county,02020,Anchorage Municipality,02,020,02020,,648,834,0.777,202797264,186,29992720,232789984,co2015a.txt,county
2015,county,02110,Juneau Borough,02,110,02110,,82,94,0.8723,17354854,12,1468998,18823852,co2015a.txt,county
2015,county,02110,Juneau City and Borough,02,110,02110,,82,94,0.8723,17354854,12,1468998,18823852,co2015a.txt,county
2015,county,02220,Sitka Borough,02,220,02220,,18,20,0.9,5968110,2,574745,6542855,co2015a.txt,county
2015,county,02220,Sitka City and Borough,02,220,02220,,18,20,0.9,5968110,2,574745,6542855,co2015a.txt,county
2015,county,02282,Yakutat Borough,02,282,02282,,0,0,,0,0,0,0,co2015a.txt,county
2015,county,02282,Yakutat City and Borough,02,282,02282,,0,0,,0,0,0,0,co2015a.txt,county
2015,county,24037,St. Mary's County,24,037,24037,,626,641,0.9766,112224455,15,2736000,114960455,co2015a.txt,county
2015,county,24037,St. Marys County,24,037,24037,,626,641,0.9766,112224455,15,2736000,114960455,co2015a.txt,county
2000,cbsa,09999,Abilene  TX MSA,,,,09999,164,374,0.4385,22306,210,11340,33646,ma2000a.txt,cbsa
2000,cbsa,09999,Albany  GA MSA,,,,09999,466,681,0.6843,53509,215,6055,59564,ma2000a.txt,cbsa
2000,cbsa,09999,Albany-Schenectady-Troy  NY MSA,,,,09999,2216,2629,0.8429,316903,413,19328,336231,ma2000a.txt,cbsa
2000,cbsa,09999,Albuquerque  NM MSA,,,,09999,4663,4773,0.977,468594,110,5397,473991,ma2000a.txt,cbsa
2000,cbsa,09999,Alexandria  LA MSA,,,,09999,376,440,0.8545,42189,64,2687,44876,ma2000a.txt,cbsa
2000,cbsa,09999,Allentown-Bethlehem-Easton  PA MSA,,,,09999,2504,2863,0.8746,319721,359,16449,336170,ma2000a.txt,cbsa
2000,cbsa,09999,Altoona  PA MSA,,,,09999,212,226,0.9381,19883,14,1064,20947,ma2000a.txt,cbsa
2000,cbsa,09999,Amarillo  TX MSA,,,,09999,547,557,0.982,71265,10,528,71793,ma2000a.txt,cbsa
2000,cbsa,09999,Anchorage  AK MSA,,,,09999,821,1190,0.6899,159931,369,42924,202855,ma2000a.txt,cbsa
2000,cbsa,09999,Anniston  AL MSA,,,,09999,252,336,0.75,40420,84,3225,43645,ma2000a.txt,cbsa
2000,cbsa,09999,Appleton-Oshkosh-Neenah  WI MSA,,,,09999,1794,2681,0.6692,259722,887,45149,304871,ma2000a.txt,cbsa
2000,cbsa,09999,Asheville  NC MSA,,,,09999,1134,1470,0.7714,157501,336,17163,174664,ma2000a.txt,cbsa
2000,cbsa,09999,Athens  GA MSA,,,,09999,931,1358,0.6856,112061,427,23948,136009,ma2000a.txt,cbsa
2000,cbsa,09999,Atlanta  GA MSA,,,,09999,46747,64216,0.728,5149752,17469,922236,6071988,ma2000a.txt,cbsa
2000,cbsa,09999,Auburn-Opelika  AL MSA,,,,09999,330,574,0.5749,46680,244,12888,59568,ma2000a.txt,cbsa
2000,cbsa,09999,Augusta-Aiken  GA-SC MSA,,,,09999,2231,2277,0.9798,261745,46,2336,264081,ma2000a.txt,cbsa
2000,cbsa,09999,Austin-San Marcos  TX MSA,,,,09999,12932,21774,0.5939,1650506,8842,374836,2025342,ma2000a.txt,cbsa
2000,cbsa,09999,Bakersfield  CA MSA,,,,09999,2862,3070,0.9322,357796,208,13307,371103,ma2000a.txt,cbsa
2000,cbsa,09999,Bangor  ME MSA,,,,09999,235,361,0.651,24143,126,6415,30558,ma2000a.txt,cbsa
2000,cbsa,09999,Barnstable-Yarmouth  MA MSA,,,,09999,1248,1290,0.9674,259623,42,5248,264871,ma2000a.txt,cbsa
2000,cbsa,09999,Baton Rouge  LA MSA,,,,09999,2834,3222,0.8796,276635,388,16916,293551,ma2000a.txt,cbsa
2000,cbsa,09999,Beaumont-Port Arthur  TX MSA,,,,09999,791,810,0.9765,97282,19,1222,98504,ma2000a.txt,cbsa
2000,cbsa,09999,Bellingham  WA MSA,,,,09999,1069,1625,0.6578,138064,556,32539,170603,ma2000a.txt,cbsa
2000,cbsa,09999,Benton Harbor  MI MSA,,,,09999,485,507,0.9566,82240,22,1790,84030,ma2000a.txt,cbsa
2000,cbsa,09999,Billings  MT MSA,,,,09999,408,464,0.8793,50887,56,3494,54381,ma2000a.txt,cbsa
2000,cbsa,09999,Biloxi-Gulfport-Pascagoula  MS MSA,,,,09999,2048,3304,0.6199,199293,1256,56545,255838,ma2000a.txt,cbsa
2000,cbsa,09999,Binghamton  NY MSA,,,,09999,233,253,0.9209,30073,20,990,31063,ma2000a.txt,cbsa
2000,cbsa,09999,Birmingham  AL MSA,,,,09999,4352,5133,0.8478,569298,781,42454,611752,ma2000a.txt,cbsa
2000,cbsa,09999,Bismarck  ND MSA,,,,09999,386,502,0.7689,51581,116,12106,63687,ma2000a.txt,cbsa
2000,cbsa,09999,Bloomington  IN MSA,,,,09999,480,620,0.7742,64288,140,9008,73296,ma2000a.txt,cbsa
2000,cbsa,09999,Bloomington-Normal  IL MSA,,,,09999,650,909,0.7151,70966,259,7777,78743,ma2000a.txt,cbsa
2000,cbsa,09999,Boise City  ID MSA,,,,09999,5446,5968,0.9125,744619,522,26243,770862,ma2000a.txt,cbsa
2000,cbsa,09999,Brownsville-Harlingen-San Benito  TX MSA,,,,09999,2706,3111,0.8698,179463,405,15007,194470,ma2000a.txt,cbsa
2000,cbsa,09999,Bryan-College Station  TX MSA,,,,09999,752,1372,0.5481,78634,620,23330,101964,ma2000a.txt,cbsa
2000,cbsa,09999,Buffalo-Niagara Falls  NY MSA,,,,09999,1903,2672,0.7122,279665,769,32334,311999,ma2000a.txt,cbsa
2000,cbsa,09999,Burlington  VT MSA,,,,09999,635,756,0.8399,92259,121,7684,99943,ma2000a.txt,cbsa
2000,cbsa,09999,Canton-Massillon  OH MSA,,,,09999,1201,1279,0.939,185225,78,5954,191179,ma2000a.txt,cbsa
2000,cbsa,09999,Casper  WY MSA,,,,09999,107,145,0.7379,15058,38,1847,16905,ma2000a.txt,cbsa
2000,cbsa,09999,Cedar Rapids  IA MSA,,,,09999,850,1679,0.5063,97055,829,34814,131869,ma2000a.txt,cbsa
2000,cbsa,09999,Champaign-Urbana  IL MSA,,,,09999,594,1049,0.5663,77806,455,28066,105872,ma2000a.txt,cbsa
2000,cbsa,09999,Charleston-North Charleston  SC MSA,,,,09999,3906,5387,0.7251,616375,1481,127797,744172,ma2000a.txt,cbsa
2000,cbsa,09999,Charleston  WV MSA,,,,09999,317,367,0.8638,39508,50,2603,42111,ma2000a.txt,cbsa
2000,cbsa,09999,Charlotte-Gastonia-Rock Hill  NC-SC MSA,,,,09999,16380,23928,0.6846,2046710,7548,370873,2417583,ma2000a.txt,cbsa
2000,cbsa,09999,Charlottesville  VA MSA,,,,09999,1134,1188,0.9545,167712,54,3882,171594,ma2000a.txt,cbsa
2000,cbsa,09999,Chattanooga  TN-GA MSA,,,,09999,2155,2510,0.8586,255756,355,18100,273856,ma2000a.txt,cbsa
2000,cbsa,09999,Cheyenne  WY MSA,,,,09999,245,245,1.0,33835,0,0,33835,ma2000a.txt,cbsa
2000,cbsa,09999,Chico-Paradise  CA MSA,,,,09999,965,1134,0.851,118586,169,11794,130380,ma2000a.txt,cbsa
2000,cbsa,09999,Clarksville-Hopkinsville  TN-KY MSA,,,,09999,1215,1672,0.7267,83186,457,14145,97331,ma2000a.txt,cbsa
2000,cbsa,09999,Colorado Springs  CO MSA,,,,09999,5086,6264,0.8119,631556,1178,79222,710778,ma2000a.txt,cbsa
2000,cbsa,09999,Columbia  MO MSA,,,,09999,899,1263,0.7118,102059,364,16620,118679,ma2000a.txt,cbsa
2000,cbsa,09999,Columbia  SC MSA,,,,09999,3877,4319,0.8977,357193,442,16544,373737,ma2000a.txt,cbsa
2000,cbsa,09999,Columbus  GA-AL MSA,,,,09999,969,1638,0.5916,115127,669,33021,148148,ma2000a.txt,cbsa
2000,cbsa,09999,Columbus  OH MSA,,,,09999,10165,14853,0.6844,1510325,4688,219515,1729840,ma2000a.txt,cbsa
2000,cbsa,09999,Corpus Christi  TX MSA,,,,09999,970,1434,0.6764,104958,464,17924,122882,ma2000a.txt,cbsa
2000,cbsa,09999,Corvallis OR MSA,,,,09999,226,264,0.8561,41253,38,1851,43104,ma2000a.txt,cbsa
2000,cbsa,09999,Cumberland  MD-WV MSA,,,,09999,368,407,0.9042,44992,39,2107,47099,ma2000a.txt,cbsa
2000,cbsa,09999,Danville  VA MSA,,,,09999,290,358,0.8101,29445,68,2573,32018,ma2000a.txt,cbsa
2000,cbsa,09999,Davenport-Moline-Rock Island  IA-IL MSA,,,,09999,774,1028,0.7529,107243,254,12875,120118,ma2000a.txt,cbsa
2000,cbsa,09999,Dayton-Springfield  OH MSA,,,,09999,2116,2793,0.7576,303752,677,42849,346601,ma2000a.txt,cbsa
2000,cbsa,09999,Daytona Beach  FL MSA,,,,09999,4423,5032,0.879,467076,609,54675,521751,ma2000a.txt,cbsa
2000,cbsa,09999,Decatur  Al MSA,,,,09999,375,399,0.9398,39829,24,1014,40843,ma2000a.txt,cbsa
2000,cbsa,09999,Decatur  IL MSA,,,,09999,241,361,0.6676,33876,120,4869,38745,ma2000a.txt,cbsa
2000,cbsa,09999,Des Moines  IA MSA,,,,09999,2427,3017,0.8044,341603,590,52378,393981,ma2000a.txt,cbsa
2000,cbsa,09999,Dothan  AL MSA,,,,09999,376,698,0.5387,24705,322,9736,34441,ma2000a.txt,cbsa
2000,cbsa,09999,Dover  DE MSA,,,,09999,853,858,0.9942,74931,5,200,75131,ma2000a.txt,cbsa
2000,cbsa,09999,Dubuque  IA MSA,,,,09999,262,341,0.7683,37300,79,7683,44983,ma2000a.txt,cbsa
2000,cbsa,09999,Duluth-Superior  MN-WI MSA,,,,09999,724,832,0.8702,68604,108,7438,76042,ma2000a.txt,cbsa
2000,cbsa,09999,Eau Claire  WI MSA,,,,09999,839,1173,0.7153,107102,334,22307,129409,ma2000a.txt,cbsa
2000,cbsa,09999,El Paso  TX MSA,,,,09999,2879,3203,0.8988,153515,324,13078,166593,ma2000a.txt,cbsa
2000,cbsa,09999,Elkhart-Goshen  IN MSA,,,,09999,896,1296,0.6914,113447,400,12237,125684,ma2000a.txt,cbsa
2000,cbsa,09999,Elmira  NY MSA,,,,09999,142,178,0.7978,21145,36,1460,22605,ma2000a.txt,cbsa
2000,cbsa,09999,Enid  OK MSA,,,,09999,55,59,0.9322,9638,4,132,9770,ma2000a.txt,cbsa
2000,cbsa,09999,Erie  PA MSA,,,,09999,574,704,0.8153,64764,130,8039,72803,ma2000a.txt,cbsa
2000,cbsa,09999,Eugene-Springfield  OR MSA,,,,09999,1153,1330,0.8669,171828,177,11330,183158,ma2000a.txt,cbsa
2000,cbsa,09999,Evansville-Henderson  IN-KY MSA,,,,09999,1168,1747,0.6686,137282,579,17481,154763,ma2000a.txt,cbsa
2000,cbsa,09999,Fargo-Moorhead  ND-MN MSA,,,,09999,648,1304,0.4969,72599,656,27423,100022,ma2000a.txt,cbsa
2000,cbsa,09999,Fayetteville  NC MSA,,,,09999,814,1544,0.5272,79429,730,25236,104665,ma2000a.txt,cbsa
2000,cbsa,09999,Fayetteville-Springdale-Rogers  AR MSA,,,,09999,2003,2842,0.7048,219564,839,33454,253018,ma2000a.txt,cbsa
2000,cbsa,09999,Flagstaff  AZ-UT MSA,,,,09999,664,768,0.8646,101261,104,4883,106144,ma2000a.txt,cbsa
2000,cbsa,09999,Florence  AL MSA,,,,09999,220,324,0.679,20999,104,4735,25734,ma2000a.txt,cbsa
2000,cbsa,09999,Florence  SC MSA,,,,09999,516,645,0.8,44745,129,5498,50243,ma2000a.txt,cbsa
2000,cbsa,09999,Fort Collins-Loveland  CO MSA,,,,09999,2724,3524,0.773,379856,800,47510,427366,ma2000a.txt,cbsa
2000,cbsa,09999,Fort Myers-Cape Coral  FL MSA,,,,09999,5152,9120,0.5649,889069,3968,394744,1283813,ma2000a.txt,cbsa
2000,cbsa,09999,Fort Pierce-Port St. Lucie  FL MSA,,,,09999,2745,3477,0.7895,405858,732,36430,442288,ma2000a.txt,cbsa
2000,cbsa,09999,Fort Smith  AR-OK MSA,,,,09999,431,664,0.6491,49088,233,9951,59039,ma2000a.txt,cbsa
2000,cbsa,09999,Fort Walton Beach  FL MSA,,,,09999,1057,1489,0.7099,124557,432,52901,177458,ma2000a.txt,cbsa
2000,cbsa,09999,Fort Wayne  IN MSA,,,,09999,2416,2592,0.9321,358812,176,8255,367067,ma2000a.txt,cbsa
2000,cbsa,09999,Fresno  CA MSA,,,,09999,3458,3804,0.909,469374,346,21397,490771,ma2000a.txt,cbsa
2000,cbsa,09999,Gadsden  AL MSA,,,,09999,180,263,0.6844,18920,83,4019,22939,ma2000a.txt,cbsa
2000,cbsa,09999,Gainesville  FL MSA,,,,09999,1072,1973,0.5433,113188,901,51386,164574,ma2000a.txt,cbsa
2000,cbsa,09999,Glens Falls  NY MSA,,,,09999,485,550,0.8818,65201,65,5315,70516,ma2000a.txt,cbsa
2000,cbsa,09999,Goldsboro  NC MSA,,,,09999,357,428,0.8341,38060,71,2718,40778,ma2000a.txt,cbsa
2000,cbsa,09999,Grand Forks  ND-MN MSA,,,,09999,151,155,0.9742,16761,4,240,17001,ma2000a.txt,cbsa
2000,cbsa,09999,Grand Junction  CO MSA,,,,09999,1132,1316,0.8602,117688,184,10598,128286,ma2000a.txt,cbsa
2000,cbsa,09999,Grand Rapids-Muskegon-Holland  MI MSA,,,,09999,5662,6614,0.8561,752525,952,48141,800666,ma2000a.txt,cbsa
2000,cbsa,09999,Great Falls  MT MSA,,,,09999,81,99,0.8182,10941,18,1048,11989,ma2000a.txt,cbsa
2000,cbsa,09999,Green Bay  WI MSA,,,,09999,1130,1559,0.7248,173722,429,23919,197641,ma2000a.txt,cbsa
2000,cbsa,09999,Greensboro--Winston-Salem--High Point  NC MSA,,,,09999,8056,9806,0.8215,933061,1750,67602,1000663,ma2000a.txt,cbsa
2000,cbsa,09999,Greenville  NC MSA,,,,09999,722,1766,0.4088,81643,1044,42202,123845,ma2000a.txt,cbsa
2000,cbsa,09999,Greenville-Spartanburg-Anderson  SC MSA,,,,09999,6047,6850,0.8828,596450,803,35455,631905,ma2000a.txt,cbsa
2000,cbsa,09999,Harrisburg-Lebanon-Carlisle  PA MSA,,,,09999,2244,2467,0.9096,250665,223,14921,265586,ma2000a.txt,cbsa
2000,cbsa,09999,Hartford  CT MSA,,,,09999,3147,3340,0.9422,396756,193,7878,404634,ma2000a.txt,cbsa
2000,cbsa,09999,Hattiesburg  MS MSA,,,,09999,144,326,0.4417,15857,182,9053,24910,ma2000a.txt,cbsa
2000,cbsa,09999,Hickory-Morganton-Lenoir  NC MSA,,,,09999,2004,2190,0.9151,259140,186,8714,267854,ma2000a.txt,cbsa
2000,cbsa,09999,Honolulu  HI MSA,,,,09999,1732,1969,0.8796,273939,237,14809,288748,ma2000a.txt,cbsa
2000,cbsa,09999,Houma  LA MSA,,,,09999,692,696,0.9943,68172,4,144,68316,ma2000a.txt,cbsa
2000,cbsa,09999,Huntington-Ashland  WV-KY-OH MSA,,,,09999,244,288,0.8472,21563,44,2027,23590,ma2000a.txt,cbsa
2000,cbsa,09999,Huntsville  AL MSA,,,,09999,1058,1210,0.8744,62833,152,4928,67761,ma2000a.txt,cbsa
2000,cbsa,09999,Indianapolis  IN MSA,,,,09999,12686,15356,0.8261,1856403,2670,151503,2007906,ma2000a.txt,cbsa
2000,cbsa,09999,Iowa City  IA MSA,,,,09999,529,1151,0.4596,83687,622,38917,122604,ma2000a.txt,cbsa
2000,cbsa,09999,Jackson  MI MSA,,,,09999,688,919,0.7486,73396,231,12235,85631,ma2000a.txt,cbsa
2000,cbsa,09999,Jackson  MS MSA,,,,09999,1987,2270,0.8753,220992,283,13527,234519,ma2000a.txt,cbsa
2000,cbsa,09999,Jackson  TN MSA,,,,09999,656,656,1.0,66340,0,0,66340,ma2000a.txt,cbsa
2000,cbsa,09999,Jacksonville  FL MSA,,,,09999,7857,10571,0.7433,1122734,2714,189626,1312360,ma2000a.txt,cbsa
2000,cbsa,09999,Jacksonville  NC MSA,,,,09999,634,915,0.6929,57196,281,10265,67461,ma2000a.txt,cbsa
2000,cbsa,09999,Jamestown  NY MSA,,,,09999,208,236,0.8814,26423,28,2560,28983,ma2000a.txt,cbsa
2000,cbsa,09999,Janesville-Beloit  WI MSA,,,,09999,528,848,0.6226,62188,320,15877,78065,ma2000a.txt,cbsa
2000,cbsa,09999,Johnson City-Kingsport-Bristol  TN-VA MSA,,,,09999,1201,1501,0.8001,116538,300,10353,126891,ma2000a.txt,cbsa
2000,cbsa,09999,Johnstown  PA MSA,,,,09999,421,460,0.9152,38789,39,2556,41345,ma2000a.txt,cbsa
2000,cbsa,09999,Jonesboro  AR MSA,,,,09999,274,320,0.8562,29204,46,1492,30696,ma2000a.txt,cbsa
2000,cbsa,09999,Joplin  MO MSA,,,,09999,400,481,0.8316,36451,81,3408,39859,ma2000a.txt,cbsa
2000,cbsa,09999,Kalamazoo-Battle Creek  MI MSA,,,,09999,1687,2417,0.698,221578,730,45730,267308,ma2000a.txt,cbsa
2000,cbsa,09999,Kansas City  MO-KS MSA,,,,09999,9227,12867,0.7171,1286128,3640,189557,1475685,ma2000a.txt,cbsa
2000,cbsa,09999,Killeen-Temple  TX MSA,,,,09999,1399,1885,0.7422,152499,486,23573,176072,ma2000a.txt,cbsa
2000,cbsa,09999,Knoxville  TN MSA,,,,09999,3147,3990,0.7887,338358,843,39348,377706,ma2000a.txt,cbsa
2000,cbsa,09999,Kokomo  IN MSA,,,,09999,427,461,0.9262,58987,34,3409,62396,ma2000a.txt,cbsa
2000,cbsa,09999,La Crosse  WI-MN MSA,,,,09999,472,644,0.7329,64997,172,10481,75478,ma2000a.txt,cbsa
2000,cbsa,09999,Lafayette  LA MSA,,,,09999,1410,1458,0.9671,156469,48,1750,158219,ma2000a.txt,cbsa
2000,cbsa,09999,Lafayette  IN MSA,,,,09999,842,1787,0.4712,101901,945,46855,148756,ma2000a.txt,cbsa
2000,cbsa,09999,Lake Charles  LA MSA,,,,09999,893,959,0.9312,68030,66,2718,70748,ma2000a.txt,cbsa
2000,cbsa,09999,Lakeland-Winter Haven  FL MSA,,,,09999,3520,4746,0.7417,276665,1226,54015,330680,ma2000a.txt,cbsa
2000,cbsa,09999,Lancaster  PA MSA,,,,09999,1704,2016,0.8452,220322,312,30148,250470,ma2000a.txt,cbsa
2000,cbsa,09999,Lansing-East Lansing  MI MSA,,,,09999,1661,2316,0.7172,225641,655,35032,260673,ma2000a.txt,cbsa
2000,cbsa,09999,Laredo  TX MSA,,,,09999,1423,1863,0.7638,97252,440,14503,111755,ma2000a.txt,cbsa
2000,cbsa,09999,Las Cruces  NM MSA,,,,09999,754,982,0.7678,87979,228,7941,95920,ma2000a.txt,cbsa
2000,cbsa,09999,Las Vegas  NV-AZ MSA,,,,09999,23169,28162,0.8227,2553008,4993,288007,2841015,ma2000a.txt,cbsa
2000,cbsa,09999,Lawrence  KS MSA,,,,09999,478,803,0.5953,64197,325,19672,83869,ma2000a.txt,cbsa
2000,cbsa,09999,Lawton  OK MSA,,,,09999,128,138,0.9275,15111,10,50,15161,ma2000a.txt,cbsa
2000,cbsa,09999,Lewiston-Auburn  ME MSA,,,,09999,169,180,0.9389,19868,11,968,20836,ma2000a.txt,cbsa
2000,cbsa,09999,Lexington  KY MSA,,,,09999,3311,4241,0.7807,374876,930,42016,416892,ma2000a.txt,cbsa
2000,cbsa,09999,Lima  OH MSA,,,,09999,369,395,0.9342,51901,26,1965,53866,ma2000a.txt,cbsa
2000,cbsa,09999,Lincoln  NE MSA,,,,09999,1312,1697,0.7731,174547,385,13255,187802,ma2000a.txt,cbsa
2000,cbsa,09999,Little Rock-North Little Rock  AR MSA,,,,09999,2232,2738,0.8152,311611,506,22269,333880,ma2000a.txt,cbsa
2000,cbsa,09999,Longview-Marshall  TX MSA,,,,09999,201,201,1.0,24571,0,0,24571,ma2000a.txt,cbsa
2000,cbsa,09999,Louisville  KY-IN MSA,,,,09999,5396,6751,0.7993,680100,1355,60121,740221,ma2000a.txt,cbsa
2000,cbsa,09999,Lubbock  TX MSA,,,,09999,804,924,0.8701,88050,120,6071,94121,ma2000a.txt,cbsa
2000,cbsa,09999,Lynchburg  VA MSA,,,,09999,911,1140,0.7991,131524,229,15171,146695,ma2000a.txt,cbsa
2000,cbsa,09999,Macon  GA MSA,,,,09999,2041,2692,0.7582,182946,651,26952,209898,ma2000a.txt,cbsa
2000,cbsa,09999,Madison  WI MSA,,,,09999,1992,3986,0.4997,313467,1994,152042,465509,ma2000a.txt,cbsa
2000,cbsa,09999,Mansfield  OH MSA,,,,09999,403,631,0.6387,52493,228,10801,63294,ma2000a.txt,cbsa
2000,cbsa,09999,McAllen-Edinburg-Mission  TX MSA,,,,09999,5019,5640,0.8899,287660,621,22718,310378,ma2000a.txt,cbsa
2000,cbsa,09999,Medford-Ashland  OR MSA,,,,09999,1140,1351,0.8438,142381,211,17629,160010,ma2000a.txt,cbsa
2000,cbsa,09999,Melbourne-Titusville-Palm Bay  FL MSA,,,,09999,3438,4284,0.8025,446700,846,63028,509728,ma2000a.txt,cbsa
2000,cbsa,09999,Memphis  TN-AR-MS MSA,,,,09999,6052,10259,0.5899,863700,4207,223691,1087391,ma2000a.txt,cbsa
2000,cbsa,09999,Merced  CA MSA,,,,09999,1344,1380,0.9739,180903,36,3129,184032,ma2000a.txt,cbsa
2000,cbsa,09999,Minneapolis-St. Paul  MN-WI MSA,,,,09999,16740,22306,0.7505,2638716,5566,480507,3119223,ma2000a.txt,cbsa
2000,cbsa,09999,Missoula  MT MSA,,,,09999,299,571,0.5236,28727,272,11451,40178,ma2000a.txt,cbsa
2000,cbsa,09999,Mobile  AL MSA,,,,09999,3587,4630,0.7747,381868,1043,92982,474850,ma2000a.txt,cbsa
2000,cbsa,09999,Modesto  CA MSA,,,,09999,2799,3023,0.9259,387253,224,13669,400922,ma2000a.txt,cbsa
2000,cbsa,09999,Monroe  LA MSA,,,,09999,366,395,0.9266,47605,29,1137,48742,ma2000a.txt,cbsa
2000,cbsa,09999,Montgomery  AL MSA,,,,09999,1212,1264,0.9589,116950,52,2779,119729,ma2000a.txt,cbsa
2000,cbsa,09999,Muncie  IN MSA,,,,09999,270,402,0.6716,45633,132,6324,51957,ma2000a.txt,cbsa
2000,cbsa,09999,Myrtle Beach  SC MSA,,,,09999,1907,4492,0.4245,221025,2585,185457,406482,ma2000a.txt,cbsa
2000,cbsa,09999,Naples  FL MSA,,,,09999,4065,7970,0.51,670985,3905,517326,1188311,ma2000a.txt,cbsa
2000,cbsa,09999,Nashville  TN MSA,,,,09999,8684,10607,0.8187,1178469,1923,116772,1295241,ma2000a.txt,cbsa
2000,cbsa,09999,New London-Norwich  CT-RI MSA,,,,09999,934,960,0.9729,123711,26,1647,125358,ma2000a.txt,cbsa
2000,cbsa,09999,New Orleans  LA MSA,,,,09999,3489,4183,0.8341,449758,694,67560,517318,ma2000a.txt,cbsa
2000,cbsa,09999,Norfolk-Virginia Beach-Newport News  VA-NC MSA,,,,09999,6499,7429,0.8748,858618,930,50393,909011,ma2000a.txt,cbsa
2000,cbsa,09999,Ocala  FL MSA,,,,09999,2333,2354,0.9911,363115,21,661,363776,ma2000a.txt,cbsa
2000,cbsa,09999,Odessa-Midland  TX MSA,,,,09999,262,396,0.6616,30603,134,7200,37803,ma2000a.txt,cbsa
2000,cbsa,09999,Oklahoma City  OK MSA,,,,09999,4162,5401,0.7706,512852,1239,63295,576147,ma2000a.txt,cbsa
2000,cbsa,09999,Omaha  NE-IA MSA,,,,09999,3759,5727,0.6564,388408,1968,94269,482677,ma2000a.txt,cbsa
2000,cbsa,09999,Orlando  FL MSA,,,,09999,15400,24924,0.6179,1889849,9524,512220,2402069,ma2000a.txt,cbsa
2000,cbsa,09999,Owensboro  KY MSA,,,,09999,707,835,0.8467,48510,128,5210,53720,ma2000a.txt,cbsa
2000,cbsa,09999,Panama City  FL MSA,,,,09999,759,1452,0.5227,92823,693,74333,167156,ma2000a.txt,cbsa
2000,cbsa,09999,Parkersburg-Marietta  WV-OH MSA,,,,09999,184,256,0.7188,18673,72,3067,21740,ma2000a.txt,cbsa
2000,cbsa,09999,Pensacola  FL MSA,,,,09999,2413,2511,0.961,247206,98,3948,251154,ma2000a.txt,cbsa
2000,cbsa,09999,Peoria-Pekin  IL MSA,,,,09999,1153,1564,0.7372,145776,411,20653,166429,ma2000a.txt,cbsa
2000,cbsa,09999,Phoenix-Mesa  AZ MSA,,,,09999,34232,45310,0.7555,4592708,11078,705108,5297816,ma2000a.txt,cbsa
2000,cbsa,09999,Pine Bluff  AR MSA,,,,09999,109,139,0.7842,7615,30,924,8539,ma2000a.txt,cbsa
2000,cbsa,09999,Pittsburgh  PA MSA,,,,09999,5130,6430,0.7978,712199,1300,75894,788093,ma2000a.txt,cbsa
2000,cbsa,09999,Pittsfield  MA MSA,,,,09999,122,168,0.7262,18815,46,2849,21664,ma2000a.txt,cbsa
2000,cbsa,09999,Pocatello  ID MSA,,,,09999,227,235,0.966,22721,8,626,23347,ma2000a.txt,cbsa
2000,cbsa,09999,Portland  ME MSA,,,,09999,1455,1547,0.9405,198986,92,5687,204673,ma2000a.txt,cbsa
2000,cbsa,09999,Providence-Fall River-Warwick  RI-MA MSA,,,,09999,2564,2982,0.8598,311980,418,22569,334549,ma2000a.txt,cbsa
2000,cbsa,09999,Provo-Orem  UT MSA,,,,09999,3193,3731,0.8558,470084,538,39063,509147,ma2000a.txt,cbsa
2000,cbsa,09999,Pueblo  CO MSA,,,,09999,1028,1098,0.9362,103487,70,3158,106645,ma2000a.txt,cbsa
2000,cbsa,09999,Punta Gorda  FL MSA,,,,09999,1211,1670,0.7251,152691,459,29607,182298,ma2000a.txt,cbsa
2000,cbsa,09999,Raleigh-Durham-Chapel Hill  NC MSA,,,,09999,12503,18553,0.6739,1807593,6050,295240,2102833,ma2000a.txt,cbsa
2000,cbsa,09999,Rapid City  SD MSA,,,,09999,413,427,0.9672,44099,14,784,44883,ma2000a.txt,cbsa
2000,cbsa,09999,Reading  PA MSA,,,,09999,1583,1809,0.8751,183559,226,8800,192359,ma2000a.txt,cbsa
2000,cbsa,09999,Redding  CA MSA,,,,09999,791,970,0.8155,113400,179,12142,125542,ma2000a.txt,cbsa
2000,cbsa,09999,Reno  NV MSA,,,,09999,3177,4544,0.6992,404332,1367,58669,463001,ma2000a.txt,cbsa
2000,cbsa,09999,Richland-Kennewick-Pasco  WA MSA,,,,09999,966,1018,0.9489,148232,52,7540,155772,ma2000a.txt,cbsa
2000,cbsa,09999,Richmond-Petersburg  VA MSA,,,,09999,5670,5887,0.9631,647163,217,9992,657155,ma2000a.txt,cbsa
2000,cbsa,09999,Roanoke  VA MSA,,,,09999,918,1166,0.7873,74070,248,12441,86511,ma2000a.txt,cbsa
2000,cbsa,09999,Rochester  MN MSA,,,,09999,892,1552,0.5747,129688,660,37867,167555,ma2000a.txt,cbsa
2000,cbsa,09999,Rochester  NY MSA,,,,09999,2524,3391,0.7443,371877,867,46862,418739,ma2000a.txt,cbsa
2000,cbsa,09999,Rockford  IL MSA,,,,09999,1581,1835,0.8616,153981,254,12007,165988,ma2000a.txt,cbsa
2000,cbsa,09999,Rocky Mount  NC MSA,,,,09999,618,790,0.7823,50896,172,9430,60326,ma2000a.txt,cbsa
2000,cbsa,09999,Saginaw-Bay City-Midland  MI MSA,,,,09999,1112,1545,0.7197,138102,433,17858,155960,ma2000a.txt,cbsa
2000,cbsa,09999,St. Cloud  MN MSA,,,,09999,1125,1354,0.8309,130104,229,10932,141036,ma2000a.txt,cbsa
2000,cbsa,09999,St. Joseph  MO MSA,,,,09999,224,286,0.7832,25628,62,2688,28316,ma2000a.txt,cbsa
2000,cbsa,09999,St. Louis  MO-IL MSA,,,,09999,9507,12107,0.7852,1248474,2600,150375,1398849,ma2000a.txt,cbsa
2000,cbsa,09999,Salinas  CA MSA,,,,09999,1505,1714,0.8781,359033,209,16363,375396,ma2000a.txt,cbsa
2000,cbsa,09999,Salt Lake City-Ogden  UT MSA,,,,09999,6573,7961,0.8257,848219,1388,105654,953873,ma2000a.txt,cbsa
2000,cbsa,09999,San Angelo  TX MSA,,,,09999,239,247,0.9676,25303,8,691,25994,ma2000a.txt,cbsa
2000,cbsa,09999,San Antonio  TX MSA,,,,09999,8407,10594,0.7936,784366,2187,83841,868207,ma2000a.txt,cbsa
2000,cbsa,09999,San Diego  CA MSA,,,,09999,9287,15592,0.5956,2138315,6305,594214,2732529,ma2000a.txt,cbsa
2000,cbsa,09999,San Luis Obispo-Atascadero-Paso Robles  CA MSA,,,,09999,1541,1673,0.9211,261716,132,8271,269987,ma2000a.txt,cbsa
2000,cbsa,09999,Santa Barbara-Santa Maria-Lompoc  CA MSA,,,,09999,759,867,0.8754,159904,108,14780,174684,ma2000a.txt,cbsa
2000,cbsa,09999,Santa Fe  NM MSA,,,,09999,430,591,0.7276,67186,161,10275,77461,ma2000a.txt,cbsa
2000,cbsa,09999,Sarasota-Bradenton  FL MSA,,,,09999,5889,7110,0.8283,817390,1221,74758,892148,ma2000a.txt,cbsa
2000,cbsa,09999,Savannah  GA MSA,,,,09999,1976,2708,0.7297,243918,732,31907,275825,ma2000a.txt,cbsa
2000,cbsa,09999,Scranton--Wilkes-Barre--Hazleton  PA MSA,,,,09999,1242,1480,0.8392,140147,238,10902,151049,ma2000a.txt,cbsa
2000,cbsa,09999,Sharon  PA MSA,,,,09999,303,432,0.7014,32864,129,5508,38372,ma2000a.txt,cbsa
2000,cbsa,09999,Sheboygan  WI MSA,,,,09999,361,675,0.5348,62681,314,16269,78950,ma2000a.txt,cbsa
2000,cbsa,09999,Sherman-Denison  TX MSA,,,,09999,171,200,0.855,19434,29,1170,20604,ma2000a.txt,cbsa
2000,cbsa,09999,Shreveport-Bossier City  LA MSA,,,,09999,960,1020,0.9412,131709,60,2000,133709,ma2000a.txt,cbsa
2000,cbsa,09999,Sioux City  IA-NE MSA,,,,09999,245,279,0.8781,29594,34,1791,31385,ma2000a.txt,cbsa
2000,cbsa,09999,Sioux Falls  SD MSA,,,,09999,1556,2305,0.6751,146284,749,40847,187131,ma2000a.txt,cbsa
2000,cbsa,09999,South Bend  IN MSA,,,,09999,889,1665,0.5339,131720,776,31156,162876,ma2000a.txt,cbsa
2000,cbsa,09999,Spokane  WA MSA,,,,09999,1328,2094,0.6342,165289,766,43955,209244,ma2000a.txt,cbsa
2000,cbsa,09999,Springfield  IL MSA,,,,09999,759,929,0.817,84730,170,10927,95657,ma2000a.txt,cbsa
2000,cbsa,09999,Springfield  MO MSA,,,,09999,1848,2558,0.7224,230210,710,25763,255973,ma2000a.txt,cbsa
2000,cbsa,09999,Springfield  MA MSA,,,,09999,921,1020,0.9029,138357,99,10609,148966,ma2000a.txt,cbsa
2000,cbsa,09999,State College  PA MSA,,,,09999,554,653,0.8484,65788,99,1992,67780,ma2000a.txt,cbsa
2000,cbsa,09999,Steubenville-Weirton  OH-WV MSA,,,,09999,66,146,0.4521,6847,80,3609,10456,ma2000a.txt,cbsa
2000,cbsa,09999,Stockton-Lodi  CA MSA,,,,09999,5350,5392,0.9922,824924,42,3373,828297,ma2000a.txt,cbsa
2000,cbsa,09999,Sumter  SC MSA,,,,09999,294,294,1.0,28197,0,0,28197,ma2000a.txt,cbsa
2000,cbsa,09999,Syracuse  NY MSA,,,,09999,1424,1739,0.8189,164755,315,32205,196960,ma2000a.txt,cbsa
2000,cbsa,09999,Tallahassee  FL MSA,,,,09999,1427,2280,0.6259,165737,853,44671,210408,ma2000a.txt,cbsa
2000,cbsa,09999,Tampa-St. Petersburg-Clearwater  FL MSA,,,,09999,13293,19244,0.6908,1409916,5951,471570,1881486,ma2000a.txt,cbsa
2000,cbsa,09999,Terre Haute  IN MSA,,,,09999,381,415,0.9181,42168,34,950,43118,ma2000a.txt,cbsa
2000,cbsa,09999,Texarkana  TX-Texarkana  AR MSA,,,,09999,263,419,0.6277,19044,156,3965,23009,ma2000a.txt,cbsa
2000,cbsa,09999,Toledo  OH MSA,,,,09999,1561,2144,0.7281,223006,583,29868,252874,ma2000a.txt,cbsa
2000,cbsa,09999,Topeka  KS MSA,,,,09999,538,591,0.9103,79424,53,4245,83669,ma2000a.txt,cbsa
2000,cbsa,09999,Tucson  AZ MSA,,,,09999,6816,7779,0.8762,931029,963,63974,995003,ma2000a.txt,cbsa
2000,cbsa,09999,Tulsa  OK MSA,,,,09999,3463,3736,0.9269,442766,273,13644,456410,ma2000a.txt,cbsa
2000,cbsa,09999,Tuscaloosa  AL MSA,,,,09999,576,703,0.8193,65388,127,5538,70926,ma2000a.txt,cbsa
2000,cbsa,09999,Tyler  TX MSA,,,,09999,467,543,0.86,67484,76,3546,71030,ma2000a.txt,cbsa
2000,cbsa,09999,Utica-Rome  NY MSA,,,,09999,377,405,0.9309,40182,28,1445,41627,ma2000a.txt,cbsa
2000,cbsa,09999,Victoria  TX MSA,,,,09999,167,167,1.0,18335,0,0,18335,ma2000a.txt,cbsa
2000,cbsa,09999,Visalia-Tulare-Porterville  CA MSA,,,,09999,1539,1627,0.9459,157163,88,5636,162799,ma2000a.txt,cbsa
2000,cbsa,09999,Waco  TX MSA,,,,09999,513,691,0.7424,66360,178,8312,74672,ma2000a.txt,cbsa
2000,cbsa,09999,Waterloo-Cedar Falls  IA MSA,,,,09999,251,379,0.6623,34734,128,4840,39574,ma2000a.txt,cbsa
2000,cbsa,09999,Wausau  WI MSA,,,,09999,652,803,0.812,81446,151,7195,88641,ma2000a.txt,cbsa
2000,cbsa,09999,West Palm Beach-Boca Raton  FL MSA,,,,09999,6769,10504,0.6444,1055292,3735,276270,1331562,ma2000a.txt,cbsa
2000,cbsa,09999,Wheeling  WV-OH MSA,,,,09999,49,49,1.0,5772,0,0,5772,ma2000a.txt,cbsa
2000,cbsa,09999,Wichita  KS MSA,,,,09999,2226,2595,0.8578,237674,369,18333,256007,ma2000a.txt,cbsa
2000,cbsa,09999,Wichita Falls  TX MSA,,,,09999,221,231,0.9567,25847,10,516,26363,ma2000a.txt,cbsa
2000,cbsa,09999,Williamsport  PA MSA,,,,09999,283,313,0.9042,29226,30,2500,31726,ma2000a.txt,cbsa
2000,cbsa,09999,Wilmington  NC MSA,,,,09999,2736,3309,0.8268,339905,573,29440,369345,ma2000a.txt,cbsa
2000,cbsa,09999,Yakima  WA MSA,,,,09999,333,484,0.688,43204,151,8875,52079,ma2000a.txt,cbsa
2000,cbsa,09999,York  PA MSA,,,,09999,1714,2009,0.8532,196263,295,20213,216476,ma2000a.txt,cbsa
2000,cbsa,09999,Youngstown-Warren  OH MSA,,,,09999,1032,1324,0.7795,132721,292,20276,152997,ma2000a.txt,cbsa
2000,cbsa,09999,Yuba City  CA MSA,,,,09999,320,322,0.9938,47691,2,169,47860,ma2000a.txt,cbsa
2000,cbsa,09999,Yuma  AZ MSA,,,,09999,1180,1288,0.9161,90149,108,6147,96296,ma2000a.txt,cbsa
2000,cbsa,09999,Boston-Worcester-Lawrence  MA-NH-ME-CT CMSA,,,,09999,13490,17370,0.7766,2205682,3880,363556,2569238,ma2000a.txt,cbsa
2000,cbsa,09999,Chicago-Gary-Kenosha  IL-IN-WI CMSA,,,,09999,30517,42511,0.7179,4840647,11994,802979,5643626,ma2000a.txt,cbsa
2000,cbsa,09999,Cincinnati-Hamilton  OH-KY-IN CMSA,,,,09999,9370,12109,0.7738,1198702,2739,143014,1341716,ma2000a.txt,cbsa
2000,cbsa,09999,Cleveland-Akron  OH CMSA,,,,09999,8759,10744,0.8152,1516360,1985,102014,1618374,ma2000a.txt,cbsa
2000,cbsa,09999,Dallas-Fort Worth  TX CMSA,,,,09999,36171,44743,0.8084,5573991,8572,585454,6159445,ma2000a.txt,cbsa
2000,cbsa,09999,Denver-Boulder-Greeley  CO CMSA,,,,09999,21672,33828,0.6407,3048045,12156,754971,3803016,ma2000a.txt,cbsa
2000,cbsa,09999,Detroit-Ann Arbor-Flint  MI CMSA,,,,09999,20869,25317,0.8243,3114678,4448,298597,3413275,ma2000a.txt,cbsa
2000,cbsa,09999,Houston-Galveston-Brazoria  TX CMSA,,,,09999,28055,35900,0.7815,3852769,7845,354321,4207090,ma2000a.txt,cbsa
2000,cbsa,09999,Los Angeles-Riverside-Orange County  CA CMSA,,,,09999,37260,54944,0.6781,7525333,17684,1262579,8787912,ma2000a.txt,cbsa
2000,cbsa,09999,Miami-Fort Lauderdale  FL CMSA,,,,09999,15158,24445,0.6201,1916848,9287,791533,2708381,ma2000a.txt,cbsa
2000,cbsa,09999,Milwaukee-Racine  WI CMSA,,,,09999,4117,6498,0.6336,740334,2381,162162,902496,ma2000a.txt,cbsa
2000,cbsa,09999,New York-Northern New Jersey-Long Island  NY-NJ-CT-PA CMSA,,,,09999,33288,58980,0.5644,4839043,25692,1837457,6676500,ma2000a.txt,cbsa
2000,cbsa,09999,Philadelphia-Wilmington-Atlantic City  PA-NJ-DE-MD CMSA,,,,09999,18237,22642,0.8055,2053508,4405,249870,2303378,ma2000a.txt,cbsa
2000,cbsa,09999,Portland-Salem  OR-WA CMSA,,,,09999,11084,14646,0.7568,1578288,3562,234406,1812694,ma2000a.txt,cbsa
2000,cbsa,09999,Sacramento-Yolo  CA CMSA,,,,09999,13468,16793,0.802,2451875,3325,225271,2677146,ma2000a.txt,cbsa
2000,cbsa,09999,San Francisco-Oakland-San Jose  CA CMSA,,,,09999,16746,27577,0.6072,3733614,10831,1091196,4824810,ma2000a.txt,cbsa
2000,cbsa,09999,Seattle-Tacoma-Bremerton  WA CMSA,,,,09999,14794,25342,0.5838,2144206,10548,746537,2890743,ma2000a.txt,cbsa
2000,cbsa,09999,Washington-Baltimore  DC-MD-VA-WV CMSA,,,,09999,39984,51614,0.7747,4667148,11630,586619,5253767,ma2000a.txt,cbsa
2001,cbsa,09999,Abilene  TX MSA,,,,09999,172,584,0.2945,25539,412,17250,42789,ma2001a.txt,cbsa
2001,cbsa,09999,Albany  GA MSA,,,,09999,489,500,0.978,57116,11,467,57583,ma2001a.txt,cbsa
2001,cbsa,09999,Albany-Schenectady-Troy  NY MSA,,,,09999,2410,2942,0.8192,382827,532,26097,408924,ma2001a.txt,cbsa
2001,cbsa,09999,Albuquerque  NM MSA,,,,09999,5240,5925,0.8844,548456,685,29651,578107,ma2001a.txt,cbsa
2001,cbsa,09999,Alexandria  LA MSA,,,,09999,358,449,0.7973,44094,91,4028,48122,ma2001a.txt,cbsa
2001,cbsa,09999,Allentown-Bethlehem-Easton  PA MSA,,,,09999,2779,3374,0.8237,347899,595,28340,376239,ma2001a.txt,cbsa
2001,cbsa,09999,Altoona  PA MSA,,,,09999,227,255,0.8902,26827,28,665,27492,ma2001a.txt,cbsa
2001,cbsa,09999,Amarillo  TX MSA,,,,09999,565,1001,0.5644,78569,436,24160,102729,ma2001a.txt,cbsa
2001,cbsa,09999,Anchorage  AK MSA,,,,09999,1055,1965,0.5369,208312,910,105891,314203,ma2001a.txt,cbsa
2001,cbsa,09999,Anniston  AL MSA,,,,09999,243,259,0.9382,34088,16,733,34821,ma2001a.txt,cbsa
2001,cbsa,09999,Appleton-Oshkosh-Neenah  WI MSA,,,,09999,2006,3471,0.5779,301941,1465,74203,376144,ma2001a.txt,cbsa
2001,cbsa,09999,Asheville  NC MSA,,,,09999,1276,2285,0.5584,186281,1009,47624,233905,ma2001a.txt,cbsa
2001,cbsa,09999,Athens  GA MSA,,,,09999,959,1427,0.672,129099,468,24325,153424,ma2001a.txt,cbsa
2001,cbsa,09999,Atlanta  GA MSA,,,,09999,48423,65268,0.7419,5638625,16845,993180,6631805,ma2001a.txt,cbsa
2001,cbsa,09999,Auburn-Opelika  AL MSA,,,,09999,365,963,0.379,48352,598,29960,78312,ma2001a.txt,cbsa
2001,cbsa,09999,Augusta-Aiken  GA-SC MSA,,,,09999,2576,2776,0.928,304692,200,4273,308965,ma2001a.txt,cbsa
2001,cbsa,09999,Austin-San Marcos  TX MSA,,,,09999,9115,17814,0.5117,1151447,8699,325311,1476758,ma2001a.txt,cbsa
2001,cbsa,09999,Bakersfield  CA MSA,,,,09999,3408,3494,0.9754,437643,86,5229,442872,ma2001a.txt,cbsa
2001,cbsa,09999,Bangor  ME MSA,,,,09999,258,308,0.8377,28852,50,3171,32023,ma2001a.txt,cbsa
2001,cbsa,09999,Barnstable-Yarmouth  MA MSA,,,,09999,1067,1180,0.9042,245573,113,9527,255100,ma2001a.txt,cbsa
2001,cbsa,09999,Baton Rouge  LA MSA,,,,09999,3045,3539,0.8604,302686,494,20291,322977,ma2001a.txt,cbsa
2001,cbsa,09999,Beaumont-Port Arthur  TX MSA,,,,09999,810,1105,0.733,93812,295,12149,105961,ma2001a.txt,cbsa
2001,cbsa,09999,Bellingham  WA MSA,,,,09999,981,1444,0.6794,138716,463,27398,166114,ma2001a.txt,cbsa
2001,cbsa,09999,Benton Harbor  MI MSA,,,,09999,522,544,0.9596,93894,22,1663,95557,ma2001a.txt,cbsa
2001,cbsa,09999,Billings  MT MSA,,,,09999,534,540,0.9889,63685,6,370,64055,ma2001a.txt,cbsa
2001,cbsa,09999,Biloxi-Gulfport-Pascagoula  MS MSA,,,,09999,1916,2329,0.8227,193371,413,16078,209449,ma2001a.txt,cbsa
2001,cbsa,09999,Binghamton  NY MSA,,,,09999,286,310,0.9226,40757,24,1750,42507,ma2001a.txt,cbsa
2001,cbsa,09999,Birmingham  AL MSA,,,,09999,4652,5082,0.9154,627149,430,15987,643136,ma2001a.txt,cbsa
2001,cbsa,09999,Bismarck  ND MSA,,,,09999,478,769,0.6216,67733,291,18046,85779,ma2001a.txt,cbsa
2001,cbsa,09999,Bloomington  IN MSA,,,,09999,495,879,0.5631,70034,384,22954,92988,ma2001a.txt,cbsa
2001,cbsa,09999,Bloomington-Normal  IL MSA,,,,09999,990,1550,0.6387,105641,560,19706,125347,ma2001a.txt,cbsa
2001,cbsa,09999,Boise City  ID MSA,,,,09999,5364,6517,0.8231,754498,1153,52735,807233,ma2001a.txt,cbsa
2001,cbsa,09999,Brownsville-Harlingen-San Benito  TX MSA,,,,09999,2713,3094,0.8769,194357,381,23977,218334,ma2001a.txt,cbsa
2001,cbsa,09999,Bryan-College Station  TX MSA,,,,09999,816,1407,0.58,88293,591,27538,115831,ma2001a.txt,cbsa
2001,cbsa,09999,Buffalo-Niagara Falls  NY MSA,,,,09999,2116,2784,0.7601,328165,668,36213,364378,ma2001a.txt,cbsa
2001,cbsa,09999,Burlington  VT MSA,,,,09999,579,827,0.7001,82081,248,16755,98836,ma2001a.txt,cbsa
2001,cbsa,09999,Canton-Massillon  OH MSA,,,,09999,1010,1132,0.8922,181301,122,9947,191248,ma2001a.txt,cbsa
2001,cbsa,09999,Casper  WY MSA,,,,09999,104,140,0.7429,19747,36,1440,21187,ma2001a.txt,cbsa
2001,cbsa,09999,Cedar Rapids  IA MSA,,,,09999,860,1561,0.5509,102996,701,27491,130487,ma2001a.txt,cbsa
2001,cbsa,09999,Champaign-Urbana  IL MSA,,,,09999,564,873,0.646,84293,309,13683,97976,ma2001a.txt,cbsa
2001,cbsa,09999,Charleston-North Charleston  SC MSA,,,,09999,3916,4684,0.836,619113,768,73083,692196,ma2001a.txt,cbsa
2001,cbsa,09999,Charleston  WV MSA,,,,09999,277,285,0.9719,37207,8,482,37689,ma2001a.txt,cbsa
2001,cbsa,09999,Charlotte-Gastonia-Rock Hill  NC-SC MSA,,,,09999,16831,22419,0.7507,2117859,5588,327295,2445154,ma2001a.txt,cbsa
2001,cbsa,09999,Charlottesville  VA MSA,,,,09999,1157,1547,0.7479,170291,390,25289,195580,ma2001a.txt,cbsa
2001,cbsa,09999,Chattanooga  TN-GA MSA,,,,09999,2237,2867,0.7803,270696,630,28996,299692,ma2001a.txt,cbsa
2001,cbsa,09999,Cheyenne  WY MSA,,,,09999,257,319,0.8056,37181,62,2821,40002,ma2001a.txt,cbsa
2001,cbsa,09999,Chico-Paradise  CA MSA,,,,09999,1023,1093,0.936,126817,70,5109,131926,ma2001a.txt,cbsa
2001,cbsa,09999,Clarksville-Hopkinsville  TN-KY MSA,,,,09999,1205,1753,0.6874,87648,548,22835,110483,ma2001a.txt,cbsa
2001,cbsa,09999,Colorado Springs  CO MSA,,,,09999,5254,7116,0.7383,634824,1862,138244,773068,ma2001a.txt,cbsa
2001,cbsa,09999,Columbia  MO MSA,,,,09999,1049,1189,0.8823,136333,140,7524,143857,ma2001a.txt,cbsa
2001,cbsa,09999,Columbia  SC MSA,,,,09999,3847,4192,0.9177,377955,345,16393,394348,ma2001a.txt,cbsa
2001,cbsa,09999,Columbus  GA-AL MSA,,,,09999,1011,1757,0.5754,127801,746,35554,163355,ma2001a.txt,cbsa
2001,cbsa,09999,Columbus  OH MSA,,,,09999,10014,15159,0.6606,1661481,5145,248717,1910198,ma2001a.txt,cbsa
2001,cbsa,09999,Corpus Christi  TX MSA,,,,09999,1148,1289,0.8906,117101,141,7608,124709,ma2001a.txt,cbsa
2001,cbsa,09999,Corvallis OR MSA,,,,09999,310,795,0.3899,51928,485,29550,81478,ma2001a.txt,cbsa
2001,cbsa,09999,Cumberland  MD-WV MSA,,,,09999,144,151,0.9536,14606,7,125,14731,ma2001a.txt,cbsa
2001,cbsa,09999,Danville  VA MSA,,,,09999,292,306,0.9542,29274,14,325,29599,ma2001a.txt,cbsa
2001,cbsa,09999,Davenport-Moline-Rock Island  IA-IL MSA,,,,09999,787,1053,0.7474,105386,266,13587,118973,ma2001a.txt,cbsa
2001,cbsa,09999,Dayton-Springfield  OH MSA,,,,09999,2382,2892,0.8237,347337,510,41175,388512,ma2001a.txt,cbsa
2001,cbsa,09999,Daytona Beach  FL MSA,,,,09999,4820,6193,0.7783,581785,1373,123990,705775,ma2001a.txt,cbsa
2001,cbsa,09999,Decatur  Al MSA,,,,09999,308,313,0.984,38078,5,105,38183,ma2001a.txt,cbsa
2001,cbsa,09999,Decatur  IL MSA,,,,09999,215,225,0.9556,30541,10,310,30851,ma2001a.txt,cbsa
2001,cbsa,09999,Des Moines  IA MSA,,,,09999,2731,3868,0.706,387169,1137,92115,479284,ma2001a.txt,cbsa
2001,cbsa,09999,Dothan  AL MSA,,,,09999,363,402,0.903,25765,39,1324,27089,ma2001a.txt,cbsa
2001,cbsa,09999,Dover  DE MSA,,,,09999,954,1018,0.9371,92804,64,4721,97525,ma2001a.txt,cbsa
2001,cbsa,09999,Dubuque  IA MSA,,,,09999,326,441,0.7392,51203,115,11349,62552,ma2001a.txt,cbsa
2001,cbsa,09999,Duluth-Superior  MN-WI MSA,,,,09999,759,783,0.9693,79637,24,1562,81199,ma2001a.txt,cbsa
2001,cbsa,09999,Eau Claire  WI MSA,,,,09999,860,1418,0.6065,113052,558,34067,147119,ma2001a.txt,cbsa
2001,cbsa,09999,El Paso  TX MSA,,,,09999,3317,3438,0.9648,181800,121,6190,187990,ma2001a.txt,cbsa
2001,cbsa,09999,Elkhart-Goshen  IN MSA,,,,09999,884,1054,0.8387,109145,170,4979,114124,ma2001a.txt,cbsa
2001,cbsa,09999,Elmira  NY MSA,,,,09999,144,179,0.8045,24430,35,1038,25468,ma2001a.txt,cbsa
2001,cbsa,09999,Enid  OK MSA,,,,09999,49,155,0.3161,8304,106,4448,12752,ma2001a.txt,cbsa
2001,cbsa,09999,Erie  PA MSA,,,,09999,600,715,0.8392,68697,115,6398,75095,ma2001a.txt,cbsa
2001,cbsa,09999,Eugene-Springfield  OR MSA,,,,09999,1207,1385,0.8715,193599,178,12772,206371,ma2001a.txt,cbsa
2001,cbsa,09999,Evansville-Henderson  IN-KY MSA,,,,09999,1125,1166,0.9648,135181,41,1855,137036,ma2001a.txt,cbsa
2001,cbsa,09999,Fargo-Moorhead  ND-MN MSA,,,,09999,818,1529,0.535,92294,711,30529,122823,ma2001a.txt,cbsa
2001,cbsa,09999,Fayetteville  NC MSA,,,,09999,963,1296,0.7431,100697,333,15770,116467,ma2001a.txt,cbsa
2001,cbsa,09999,Fayetteville-Springdale-Rogers  AR MSA,,,,09999,2488,3964,0.6276,296686,1476,64507,361193,ma2001a.txt,cbsa
2001,cbsa,09999,Flagstaff  AZ-UT MSA,,,,09999,951,979,0.9714,121606,28,2010,123616,ma2001a.txt,cbsa
2001,cbsa,09999,Florence  AL MSA,,,,09999,180,249,0.7229,16114,69,3015,19129,ma2001a.txt,cbsa
2001,cbsa,09999,Florence  SC MSA,,,,09999,59,65,0.9077,6973,6,489,7462,ma2001a.txt,cbsa
2001,cbsa,09999,Fort Collins-Loveland  CO MSA,,,,09999,2640,3664,0.7205,371224,1024,60355,431579,ma2001a.txt,cbsa
2001,cbsa,09999,Fort Myers-Cape Coral  FL MSA,,,,09999,6534,10959,0.5962,1007831,4425,456933,1464764,ma2001a.txt,cbsa
2001,cbsa,09999,Fort Pierce-Port St. Lucie  FL MSA,,,,09999,3093,4076,0.7588,469717,983,62201,531918,ma2001a.txt,cbsa
2001,cbsa,09999,Fort Smith  AR-OK MSA,,,,09999,480,607,0.7908,57392,127,6337,63729,ma2001a.txt,cbsa
2001,cbsa,09999,Fort Walton Beach  FL MSA,,,,09999,1092,1439,0.7589,137469,347,14965,152434,ma2001a.txt,cbsa
2001,cbsa,09999,Fort Wayne  IN MSA,,,,09999,2571,3049,0.8432,383001,478,21622,404623,ma2001a.txt,cbsa
2001,cbsa,09999,Fresno  CA MSA,,,,09999,4331,4557,0.9504,641707,226,19450,661157,ma2001a.txt,cbsa
2001,cbsa,09999,Gadsden  AL MSA,,,,09999,199,306,0.6503,21021,107,8790,29811,ma2001a.txt,cbsa
2001,cbsa,09999,Gainesville  FL MSA,,,,09999,1063,2335,0.4552,123751,1272,58471,182222,ma2001a.txt,cbsa
2001,cbsa,09999,Glens Falls  NY MSA,,,,09999,407,445,0.9146,59472,38,1986,61458,ma2001a.txt,cbsa
2001,cbsa,09999,Goldsboro  NC MSA,,,,09999,421,421,1.0,41866,0,0,41866,ma2001a.txt,cbsa
2001,cbsa,09999,Grand Forks  ND-MN MSA,,,,09999,164,202,0.8119,22883,38,2112,24995,ma2001a.txt,cbsa
2001,cbsa,09999,Grand Junction  CO MSA,,,,09999,1146,1253,0.9146,120389,107,6139,126528,ma2001a.txt,cbsa
2001,cbsa,09999,Grand Rapids-Muskegon-Holland  MI MSA,,,,09999,5996,7187,0.8343,823468,1191,56324,879792,ma2001a.txt,cbsa
2001,cbsa,09999,Great Falls  MT MSA,,,,09999,113,167,0.6766,17066,54,2416,19482,ma2001a.txt,cbsa
2001,cbsa,09999,Green Bay  WI MSA,,,,09999,1205,2174,0.5543,195012,969,45665,240677,ma2001a.txt,cbsa
2001,cbsa,09999,Greensboro--Winston-Salem--High Point  NC MSA,,,,09999,8537,10764,0.7931,1014281,2227,101274,1115555,ma2001a.txt,cbsa
2001,cbsa,09999,Greenville  NC MSA,,,,09999,763,1838,0.4151,99352,1075,39357,138709,ma2001a.txt,cbsa
2001,cbsa,09999,Greenville-Spartanburg-Anderson  SC MSA,,,,09999,6240,6885,0.9063,639431,645,26636,666067,ma2001a.txt,cbsa
2001,cbsa,09999,Harrisburg-Lebanon-Carlisle  PA MSA,,,,09999,2441,2703,0.9031,288963,262,14986,303949,ma2001a.txt,cbsa
2001,cbsa,09999,Hartford  CT MSA,,,,09999,3093,3607,0.8575,404610,514,26643,431253,ma2001a.txt,cbsa
2001,cbsa,09999,Hattiesburg  MS MSA,,,,09999,122,252,0.4841,10581,130,5059,15640,ma2001a.txt,cbsa
2001,cbsa,09999,Hickory-Morganton-Lenoir  NC MSA,,,,09999,1845,2432,0.7586,240148,587,27266,267414,ma2001a.txt,cbsa
2001,cbsa,09999,Honolulu  HI MSA,,,,09999,1673,1975,0.8471,277250,302,30492,307742,ma2001a.txt,cbsa
2001,cbsa,09999,Houma  LA MSA,,,,09999,699,711,0.9831,70019,12,458,70477,ma2001a.txt,cbsa
2001,cbsa,09999,Huntington-Ashland  WV-KY-OH MSA,,,,09999,176,352,0.5,14172,176,8604,22776,ma2001a.txt,cbsa
2001,cbsa,09999,Huntsville  AL MSA,,,,09999,1005,1629,0.6169,65755,624,25273,91028,ma2001a.txt,cbsa
2001,cbsa,09999,Indianapolis  IN MSA,,,,09999,14809,17277,0.8572,2242162,2468,136741,2378903,ma2001a.txt,cbsa
2001,cbsa,09999,Iowa City  IA MSA,,,,09999,622,1199,0.5188,96915,577,41106,138021,ma2001a.txt,cbsa
2001,cbsa,09999,Jackson  MI MSA,,,,09999,727,945,0.7693,87403,218,11380,98783,ma2001a.txt,cbsa
2001,cbsa,09999,Jackson  MS MSA,,,,09999,2300,2652,0.8673,260580,352,13133,273713,ma2001a.txt,cbsa
2001,cbsa,09999,Jackson  TN MSA,,,,09999,579,797,0.7265,56823,218,8026,64849,ma2001a.txt,cbsa
2001,cbsa,09999,Jacksonville  FL MSA,,,,09999,9610,12638,0.7604,1375345,3028,185041,1560386,ma2001a.txt,cbsa
2001,cbsa,09999,Jacksonville  NC MSA,,,,09999,787,1167,0.6744,69174,380,12963,82137,ma2001a.txt,cbsa
2001,cbsa,09999,Jamestown  NY MSA,,,,09999,240,273,0.8791,30462,33,4443,34905,ma2001a.txt,cbsa
2001,cbsa,09999,Janesville-Beloit  WI MSA,,,,09999,496,836,0.5933,68002,340,18404,86406,ma2001a.txt,cbsa
2001,cbsa,09999,Johnson City-Kingsport-Bristol  TN-VA MSA,,,,09999,1284,1452,0.8843,126328,168,5708,132036,ma2001a.txt,cbsa
2001,cbsa,09999,Johnstown  PA MSA,,,,09999,397,439,0.9043,39303,42,3344,42647,ma2001a.txt,cbsa
2001,cbsa,09999,Jonesboro  AR MSA,,,,09999,380,452,0.8407,38185,72,3688,41873,ma2001a.txt,cbsa
2001,cbsa,09999,Joplin  MO MSA,,,,09999,411,504,0.8155,38709,93,4104,42813,ma2001a.txt,cbsa
2001,cbsa,09999,Kalamazoo-Battle Creek  MI MSA,,,,09999,1667,2035,0.8192,238497,368,18155,256652,ma2001a.txt,cbsa
2001,cbsa,09999,Kansas City  MO-KS MSA,,,,09999,9714,14910,0.6515,1402290,5196,267602,1669892,ma2001a.txt,cbsa
2001,cbsa,09999,Killeen-Temple  TX MSA,,,,09999,1592,2304,0.691,182105,712,37161,219266,ma2001a.txt,cbsa
2001,cbsa,09999,Knoxville  TN MSA,,,,09999,3327,4123,0.8069,382388,796,47455,429843,ma2001a.txt,cbsa
2001,cbsa,09999,Kokomo  IN MSA,,,,09999,381,428,0.8902,50739,47,5388,56127,ma2001a.txt,cbsa
2001,cbsa,09999,La Crosse  WI-MN MSA,,,,09999,501,646,0.7755,67924,145,7771,75695,ma2001a.txt,cbsa
2001,cbsa,09999,Lafayette  LA MSA,,,,09999,1243,1436,0.8656,147318,193,12367,159685,ma2001a.txt,cbsa
2001,cbsa,09999,Lafayette  IN MSA,,,,09999,923,1576,0.5857,116047,653,42514,158561,ma2001a.txt,cbsa
2001,cbsa,09999,Lake Charles  LA MSA,,,,09999,869,1066,0.8152,77519,197,15464,92983,ma2001a.txt,cbsa
2001,cbsa,09999,Lakeland-Winter Haven  FL MSA,,,,09999,3839,4521,0.8491,300906,682,26171,327077,ma2001a.txt,cbsa
2001,cbsa,09999,Lancaster  PA MSA,,,,09999,1871,2267,0.8253,236814,396,20988,257802,ma2001a.txt,cbsa
2001,cbsa,09999,Lansing-East Lansing  MI MSA,,,,09999,1642,2469,0.665,240459,827,46663,287122,ma2001a.txt,cbsa
2001,cbsa,09999,Laredo  TX MSA,,,,09999,1477,1759,0.8397,107246,282,10630,117876,ma2001a.txt,cbsa
2001,cbsa,09999,Las Cruces  NM MSA,,,,09999,744,994,0.7485,92869,250,9582,102451,ma2001a.txt,cbsa
2001,cbsa,09999,Las Vegas  NV-AZ MSA,,,,09999,24012,31938,0.7518,2775682,7926,430586,3206268,ma2001a.txt,cbsa
2001,cbsa,09999,Lawrence  KS MSA,,,,09999,523,1037,0.5043,72290,514,33233,105523,ma2001a.txt,cbsa
2001,cbsa,09999,Lawton  OK MSA,,,,09999,132,142,0.9296,15984,10,50,16034,ma2001a.txt,cbsa
2001,cbsa,09999,Lewiston-Auburn  ME MSA,,,,09999,198,206,0.9612,23035,8,705,23740,ma2001a.txt,cbsa
2001,cbsa,09999,Lexington  KY MSA,,,,09999,3067,3421,0.8965,342845,354,20760,363605,ma2001a.txt,cbsa
2001,cbsa,09999,Lima  OH MSA,,,,09999,331,359,0.922,49472,28,2146,51618,ma2001a.txt,cbsa
2001,cbsa,09999,Lincoln  NE MSA,,,,09999,1411,1744,0.8091,193085,333,17347,210432,ma2001a.txt,cbsa
2001,cbsa,09999,Little Rock-North Little Rock  AR MSA,,,,09999,2458,3018,0.8144,357502,560,23394,380896,ma2001a.txt,cbsa
2001,cbsa,09999,Longview-Marshall  TX MSA,,,,09999,289,309,0.9353,36050,20,640,36690,ma2001a.txt,cbsa
2001,cbsa,09999,Louisville  KY-IN MSA,,,,09999,5689,6807,0.8358,752132,1118,56201,808333,ma2001a.txt,cbsa
2001,cbsa,09999,Lubbock  TX MSA,,,,09999,983,1730,0.5682,115876,747,34197,150073,ma2001a.txt,cbsa
2001,cbsa,09999,Lynchburg  VA MSA,,,,09999,990,1176,0.8418,134005,186,10931,144936,ma2001a.txt,cbsa
2001,cbsa,09999,Macon  GA MSA,,,,09999,2279,2983,0.764,206035,704,25400,231435,ma2001a.txt,cbsa
2001,cbsa,09999,Madison  WI MSA,,,,09999,2317,4825,0.4802,392265,2508,222659,614924,ma2001a.txt,cbsa
2001,cbsa,09999,Mansfield  OH MSA,,,,09999,448,694,0.6455,52258,246,12164,64422,ma2001a.txt,cbsa
2001,cbsa,09999,McAllen-Edinburg-Mission  TX MSA,,,,09999,5606,6885,0.8142,335961,1279,48549,384510,ma2001a.txt,cbsa
2001,cbsa,09999,Medford-Ashland  OR MSA,,,,09999,1289,1602,0.8046,176985,313,28753,205738,ma2001a.txt,cbsa
2001,cbsa,09999,Melbourne-Titusville-Palm Bay  FL MSA,,,,09999,4379,5044,0.8682,597514,665,74162,671676,ma2001a.txt,cbsa
2001,cbsa,09999,Memphis  TN-AR-MS MSA,,,,09999,6066,7640,0.794,861274,1574,57054,918328,ma2001a.txt,cbsa
2001,cbsa,09999,Merced  CA MSA,,,,09999,1090,1092,0.9982,151918,2,150,152068,ma2001a.txt,cbsa
2001,cbsa,09999,Minneapolis-St. Paul  MN-WI MSA,,,,09999,17136,22979,0.7457,2850333,5843,506025,3356358,ma2001a.txt,cbsa
2001,cbsa,09999,Missoula  MT MSA,,,,09999,283,523,0.5411,26255,240,10805,37060,ma2001a.txt,cbsa
2001,cbsa,09999,Mobile  AL MSA,,,,09999,3598,4446,0.8093,391346,848,82268,473614,ma2001a.txt,cbsa
2001,cbsa,09999,Modesto  CA MSA,,,,09999,3011,3215,0.9365,452183,204,14252,466435,ma2001a.txt,cbsa
2001,cbsa,09999,Monroe  LA MSA,,,,09999,448,475,0.9432,46736,27,1568,48304,ma2001a.txt,cbsa
2001,cbsa,09999,Montgomery  AL MSA,,,,09999,1238,1518,0.8155,130020,280,13144,143164,ma2001a.txt,cbsa
2001,cbsa,09999,Muncie  IN MSA,,,,09999,302,336,0.8988,48668,34,995,49663,ma2001a.txt,cbsa
2001,cbsa,09999,Myrtle Beach  SC MSA,,,,09999,2030,4268,0.4756,235292,2238,169837,405129,ma2001a.txt,cbsa
2001,cbsa,09999,Naples  FL MSA,,,,09999,3878,8158,0.4754,672681,4280,421166,1093847,ma2001a.txt,cbsa
2001,cbsa,09999,Nashville  TN MSA,,,,09999,10201,11914,0.8562,1399647,1713,107589,1507236,ma2001a.txt,cbsa
2001,cbsa,09999,New London-Norwich  CT-RI MSA,,,,09999,865,884,0.9785,135857,19,937,136794,ma2001a.txt,cbsa
2001,cbsa,09999,New Orleans  LA MSA,,,,09999,3518,4457,0.7893,431284,939,55032,486316,ma2001a.txt,cbsa
2001,cbsa,09999,Norfolk-Virginia Beach-Newport News  VA-NC MSA,,,,09999,7089,8716,0.8133,910645,1627,103183,1013828,ma2001a.txt,cbsa
2001,cbsa,09999,Ocala  FL MSA,,,,09999,3097,3171,0.9767,340247,74,2249,342496,ma2001a.txt,cbsa
2001,cbsa,09999,Odessa-Midland  TX MSA,,,,09999,253,255,0.9922,32214,2,150,32364,ma2001a.txt,cbsa
2001,cbsa,09999,Oklahoma City  OK MSA,,,,09999,4732,5957,0.7944,627171,1225,132669,759840,ma2001a.txt,cbsa
2001,cbsa,09999,Omaha  NE-IA MSA,,,,09999,3894,4880,0.798,415881,986,48285,464166,ma2001a.txt,cbsa
2001,cbsa,09999,Orlando  FL MSA,,,,09999,16700,23319,0.7162,2244175,6619,391922,2636097,ma2001a.txt,cbsa
2001,cbsa,09999,Owensboro  KY MSA,,,,09999,704,744,0.9462,50194,40,1611,51805,ma2001a.txt,cbsa
2001,cbsa,09999,Panama City  FL MSA,,,,09999,852,1071,0.7955,111617,219,25710,137327,ma2001a.txt,cbsa
2001,cbsa,09999,Parkersburg-Marietta  WV-OH MSA,,,,09999,201,300,0.67,19855,99,5270,25125,ma2001a.txt,cbsa
2001,cbsa,09999,Pensacola  FL MSA,,,,09999,2906,3182,0.9133,292827,276,25853,318680,ma2001a.txt,cbsa
2001,cbsa,09999,Peoria-Pekin  IL MSA,,,,09999,1015,1114,0.9111,146492,99,6699,153191,ma2001a.txt,cbsa
2001,cbsa,09999,Phoenix-Mesa  AZ MSA,,,,09999,37170,46100,0.8063,5334407,8930,521454,5855861,ma2001a.txt,cbsa
2001,cbsa,09999,Pine Bluff  AR MSA,,,,09999,136,143,0.951,12898,7,155,13053,ma2001a.txt,cbsa
2001,cbsa,09999,Pittsburgh  PA MSA,,,,09999,4828,6728,0.7176,707526,1900,114560,822086,ma2001a.txt,cbsa
2001,cbsa,09999,Pittsfield  MA MSA,,,,09999,123,123,1.0,21887,0,0,21887,ma2001a.txt,cbsa
2001,cbsa,09999,Pocatello  ID MSA,,,,09999,248,285,0.8702,24388,37,2765,27153,ma2001a.txt,cbsa
2001,cbsa,09999,Portland  ME MSA,,,,09999,1219,1466,0.8315,182536,247,24083,206619,ma2001a.txt,cbsa
2001,cbsa,09999,Providence-Fall River-Warwick  RI-MA MSA,,,,09999,2486,2806,0.886,324023,320,21330,345353,ma2001a.txt,cbsa
2001,cbsa,09999,Provo-Orem  UT MSA,,,,09999,3082,3829,0.8049,468900,747,63672,532572,ma2001a.txt,cbsa
2001,cbsa,09999,Pueblo  CO MSA,,,,09999,1114,1390,0.8014,111019,276,11745,122764,ma2001a.txt,cbsa
2001,cbsa,09999,Punta Gorda  FL MSA,,,,09999,1529,2126,0.7192,211153,597,32532,243685,ma2001a.txt,cbsa
2001,cbsa,09999,Raleigh-Durham-Chapel Hill  NC MSA,,,,09999,14055,19371,0.7256,2007916,5316,224186,2232102,ma2001a.txt,cbsa
2001,cbsa,09999,Rapid City  SD MSA,,,,09999,474,513,0.924,49262,39,2252,51514,ma2001a.txt,cbsa
2001,cbsa,09999,Reading  PA MSA,,,,09999,1691,2031,0.8326,192264,340,14624,206888,ma2001a.txt,cbsa
2001,cbsa,09999,Redding  CA MSA,,,,09999,1018,1024,0.9941,142947,6,415,143362,ma2001a.txt,cbsa
2001,cbsa,09999,Reno  NV MSA,,,,09999,3853,4926,0.7822,501089,1073,51671,552760,ma2001a.txt,cbsa
2001,cbsa,09999,Richland-Kennewick-Pasco  WA MSA,,,,09999,1381,1545,0.8939,147463,164,11566,159029,ma2001a.txt,cbsa
2001,cbsa,09999,Richmond-Petersburg  VA MSA,,,,09999,6551,8162,0.8026,784787,1611,76878,861665,ma2001a.txt,cbsa
2001,cbsa,09999,Roanoke  VA MSA,,,,09999,920,1174,0.7836,81060,254,9535,90595,ma2001a.txt,cbsa
2001,cbsa,09999,Rochester  MN MSA,,,,09999,1120,1603,0.6987,159651,483,34524,194175,ma2001a.txt,cbsa
2001,cbsa,09999,Rochester  NY MSA,,,,09999,2497,3098,0.806,384886,601,34532,419418,ma2001a.txt,cbsa
2001,cbsa,09999,Rockford  IL MSA,,,,09999,1619,2158,0.7502,163847,539,24592,188439,ma2001a.txt,cbsa
2001,cbsa,09999,Rocky Mount  NC MSA,,,,09999,670,807,0.8302,57177,137,6146,63323,ma2001a.txt,cbsa
2001,cbsa,09999,Saginaw-Bay City-Midland  MI MSA,,,,09999,1070,1242,0.8615,137580,172,16457,154037,ma2001a.txt,cbsa
2001,cbsa,09999,St. Cloud  MN MSA,,,,09999,1325,1488,0.8905,162981,163,7250,170231,ma2001a.txt,cbsa
2001,cbsa,09999,St. Joseph  MO MSA,,,,09999,178,228,0.7807,23835,50,3699,27534,ma2001a.txt,cbsa
2001,cbsa,09999,St. Louis  MO-IL MSA,,,,09999,9933,11892,0.8353,1339195,1959,146752,1485947,ma2001a.txt,cbsa
2001,cbsa,09999,Salinas  CA MSA,,,,09999,890,1056,0.8428,213063,166,15588,228651,ma2001a.txt,cbsa
2001,cbsa,09999,Salt Lake City-Ogden  UT MSA,,,,09999,7047,9241,0.7626,925591,2194,162585,1088176,ma2001a.txt,cbsa
2001,cbsa,09999,San Angelo  TX MSA,,,,09999,247,249,0.992,28296,2,236,28532,ma2001a.txt,cbsa
2001,cbsa,09999,San Antonio  TX MSA,,,,09999,9138,12703,0.7194,852069,3565,148773,1000842,ma2001a.txt,cbsa
2001,cbsa,09999,San Diego  CA MSA,,,,09999,9377,15405,0.6087,2216319,6028,583611,2799930,ma2001a.txt,cbsa
2001,cbsa,09999,San Luis Obispo-Atascadero-Paso Robles  CA MSA,,,,09999,1709,1943,0.8796,302643,234,17805,320448,ma2001a.txt,cbsa
2001,cbsa,09999,Santa Barbara-Santa Maria-Lompoc  CA MSA,,,,09999,915,1026,0.8918,203188,111,12522,215710,ma2001a.txt,cbsa
2001,cbsa,09999,Santa Fe  NM MSA,,,,09999,599,664,0.9021,96727,65,2514,99241,ma2001a.txt,cbsa
2001,cbsa,09999,Sarasota-Bradenton  FL MSA,,,,09999,7013,9648,0.7269,1108740,2635,241341,1350081,ma2001a.txt,cbsa
2001,cbsa,09999,Savannah  GA MSA,,,,09999,1821,2522,0.722,239941,701,36896,276837,ma2001a.txt,cbsa
2001,cbsa,09999,Scranton--Wilkes-Barre--Hazleton  PA MSA,,,,09999,1241,1356,0.9152,149914,115,7057,156971,ma2001a.txt,cbsa
2001,cbsa,09999,Sharon  PA MSA,,,,09999,283,285,0.993,34049,2,250,34299,ma2001a.txt,cbsa
2001,cbsa,09999,Sheboygan  WI MSA,,,,09999,386,625,0.6176,59269,239,12830,72099,ma2001a.txt,cbsa
2001,cbsa,09999,Sherman-Denison  TX MSA,,,,09999,247,269,0.9182,25247,22,1156,26403,ma2001a.txt,cbsa
2001,cbsa,09999,Shreveport-Bossier City  LA MSA,,,,09999,1071,1151,0.9305,142581,80,2666,145247,ma2001a.txt,cbsa
2001,cbsa,09999,Sioux City  IA-NE MSA,,,,09999,232,294,0.7891,28430,62,2832,31262,ma2001a.txt,cbsa
2001,cbsa,09999,Sioux Falls  SD MSA,,,,09999,1605,2329,0.6891,158211,724,39564,197775,ma2001a.txt,cbsa
2001,cbsa,09999,South Bend  IN MSA,,,,09999,780,934,0.8351,121741,154,5535,127276,ma2001a.txt,cbsa
2001,cbsa,09999,Spokane  WA MSA,,,,09999,1475,2223,0.6635,195869,748,44885,240754,ma2001a.txt,cbsa
2001,cbsa,09999,Springfield  IL MSA,,,,09999,806,919,0.877,99399,113,7915,107314,ma2001a.txt,cbsa
2001,cbsa,09999,Springfield  MO MSA,,,,09999,2073,2445,0.8479,262519,372,16160,278679,ma2001a.txt,cbsa
2001,cbsa,09999,Springfield  MA MSA,,,,09999,940,1050,0.8952,148721,110,9238,157959,ma2001a.txt,cbsa
2001,cbsa,09999,State College  PA MSA,,,,09999,734,778,0.9434,86656,44,2549,89205,ma2001a.txt,cbsa
2001,cbsa,09999,Steubenville-Weirton  OH-WV MSA,,,,09999,93,184,0.5054,9729,91,3045,12774,ma2001a.txt,cbsa
2001,cbsa,09999,Stockton-Lodi  CA MSA,,,,09999,4005,4339,0.923,654811,334,18623,673434,ma2001a.txt,cbsa
2001,cbsa,09999,Sumter  SC MSA,,,,09999,293,358,0.8184,29314,65,3517,32831,ma2001a.txt,cbsa
2001,cbsa,09999,Syracuse  NY MSA,,,,09999,1512,1753,0.8625,177424,241,9692,187116,ma2001a.txt,cbsa
2001,cbsa,09999,Tallahassee  FL MSA,,,,09999,1371,2109,0.6501,188691,738,35360,224051,ma2001a.txt,cbsa
2001,cbsa,09999,Tampa-St. Petersburg-Clearwater  FL MSA,,,,09999,15826,21814,0.7255,1730892,5988,492669,2223561,ma2001a.txt,cbsa
2001,cbsa,09999,Terre Haute  IN MSA,,,,09999,413,509,0.8114,45551,96,6650,52201,ma2001a.txt,cbsa
2001,cbsa,09999,Texarkana  TX-Texarkana  AR MSA,,,,09999,220,242,0.9091,20524,22,843,21367,ma2001a.txt,cbsa
2001,cbsa,09999,Toledo  OH MSA,,,,09999,1976,2716,0.7275,288181,740,35681,323862,ma2001a.txt,cbsa
2001,cbsa,09999,Topeka  KS MSA,,,,09999,644,718,0.8969,90892,74,4016,94908,ma2001a.txt,cbsa
2001,cbsa,09999,Tucson  AZ MSA,,,,09999,6298,7472,0.8429,914070,1174,66024,980094,ma2001a.txt,cbsa
2001,cbsa,09999,Tulsa  OK MSA,,,,09999,3689,4159,0.887,507313,470,23812,531125,ma2001a.txt,cbsa
2001,cbsa,09999,Tuscaloosa  AL MSA,,,,09999,685,1101,0.6222,94936,416,15352,110288,ma2001a.txt,cbsa
2001,cbsa,09999,Tyler  TX MSA,,,,09999,463,537,0.8622,69757,74,3453,73210,ma2001a.txt,cbsa
2001,cbsa,09999,Utica-Rome  NY MSA,,,,09999,413,419,0.9857,46887,6,245,47132,ma2001a.txt,cbsa
2001,cbsa,09999,Victoria  TX MSA,,,,09999,144,144,1.0,14291,0,0,14291,ma2001a.txt,cbsa
2001,cbsa,09999,Visalia-Tulare-Porterville  CA MSA,,,,09999,1695,1772,0.9565,185166,77,4919,190085,ma2001a.txt,cbsa
2001,cbsa,09999,Waco  TX MSA,,,,09999,549,946,0.5803,61543,397,21147,82690,ma2001a.txt,cbsa
2001,cbsa,09999,Waterloo-Cedar Falls  IA MSA,,,,09999,233,488,0.4775,37251,255,19583,56834,ma2001a.txt,cbsa
2001,cbsa,09999,Wausau  WI MSA,,,,09999,829,1073,0.7726,109755,244,13651,123406,ma2001a.txt,cbsa
2001,cbsa,09999,West Palm Beach-Boca Raton  FL MSA,,,,09999,7538,10775,0.6996,1144568,3237,295619,1440187,ma2001a.txt,cbsa
2001,cbsa,09999,Wheeling  WV-OH MSA,,,,09999,36,36,1.0,3973,0,0,3973,ma2001a.txt,cbsa
2001,cbsa,09999,Wichita  KS MSA,,,,09999,2509,2786,0.9006,276133,277,17956,294089,ma2001a.txt,cbsa
2001,cbsa,09999,Wichita Falls  TX MSA,,,,09999,232,378,0.6138,26060,146,5752,31812,ma2001a.txt,cbsa
2001,cbsa,09999,Williamsport  PA MSA,,,,09999,326,388,0.8402,34304,62,4129,38433,ma2001a.txt,cbsa
2001,cbsa,09999,Wilmington  NC MSA,,,,09999,3555,4563,0.7791,471854,1008,45699,517553,ma2001a.txt,cbsa
2001,cbsa,09999,Yakima  WA MSA,,,,09999,303,454,0.6674,35724,151,9320,45044,ma2001a.txt,cbsa
2001,cbsa,09999,York  PA MSA,,,,09999,2036,2185,0.9318,231661,149,13482,245143,ma2001a.txt,cbsa
2001,cbsa,09999,Youngstown-Warren  OH MSA,,,,09999,1013,1200,0.8442,128452,187,12616,141068,ma2001a.txt,cbsa
2001,cbsa,09999,Yuba City  CA MSA,,,,09999,642,648,0.9907,96555,6,611,97166,ma2001a.txt,cbsa
2001,cbsa,09999,Yuma  AZ MSA,,,,09999,1226,1310,0.9359,105990,84,5064,111054,ma2001a.txt,cbsa
2001,cbsa,09999,Boston-Worcester-Lawrence  MA-NH-ME-CT CMSA,,,,09999,12263,16443,0.7458,2098753,4180,366629,2465382,ma2001a.txt,cbsa
2001,cbsa,09999,Chicago-Gary-Kenosha  IL-IN-WI CMSA,,,,09999,31690,45467,0.697,5269300,13777,971526,6240826,ma2001a.txt,cbsa
2001,cbsa,09999,Cincinnati-Hamilton  OH-KY-IN CMSA,,,,09999,9992,12439,0.8033,1246348,2447,125223,1371571,ma2001a.txt,cbsa
2001,cbsa,09999,Cleveland-Akron  OH CMSA,,,,09999,9008,10400,0.8662,1583485,1392,88528,1672013,ma2001a.txt,cbsa
2001,cbsa,09999,Dallas-Fort Worth  TX CMSA,,,,09999,37858,49848,0.7595,5692103,11990,617597,6309700,ma2001a.txt,cbsa
2001,cbsa,09999,Denver-Boulder-Greeley  CO CMSA,,,,09999,20358,34506,0.59,2923467,14148,951499,3874966,ma2001a.txt,cbsa
2001,cbsa,09999,Detroit-Ann Arbor-Flint  MI CMSA,,,,09999,18902,24495,0.7717,2852478,5593,389804,3242282,ma2001a.txt,cbsa
2001,cbsa,09999,Houston-Galveston-Brazoria  TX CMSA,,,,09999,30456,37569,0.8107,4055596,7113,385055,4440651,ma2001a.txt,cbsa
2001,cbsa,09999,Los Angeles-Riverside-Orange County  CA CMSA,,,,09999,41082,57775,0.7111,8047824,16693,1326689,9374513,ma2001a.txt,cbsa
2001,cbsa,09999,Miami-Fort Lauderdale  FL CMSA,,,,09999,15103,24757,0.61,1926915,9654,761288,2688203,ma2001a.txt,cbsa
2001,cbsa,09999,Milwaukee-Racine  WI CMSA,,,,09999,4142,6677,0.6203,783026,2535,216916,999942,ma2001a.txt,cbsa
2001,cbsa,09999,New York-Northern New Jersey-Long Island  NY-NJ-CT-PA CMSA,,,,09999,28432,53436,0.5321,4454274,25004,1860685,6314959,ma2001a.txt,cbsa
2001,cbsa,09999,Philadelphia-Wilmington-Atlantic City  PA-NJ-DE-MD CMSA,,,,09999,17518,21190,0.8267,2058093,3672,248640,2306733,ma2001a.txt,cbsa
2001,cbsa,09999,Portland-Salem  OR-WA CMSA,,,,09999,11895,15629,0.7611,1965100,3734,253638,2218738,ma2001a.txt,cbsa
2001,cbsa,09999,Sacramento-Yolo  CA CMSA,,,,09999,14719,18434,0.7985,2635338,3715,289138,2924476,ma2001a.txt,cbsa
2001,cbsa,09999,San Francisco-Oakland-San Jose  CA CMSA,,,,09999,13305,23727,0.5608,3029235,10422,1017265,4046500,ma2001a.txt,cbsa
2001,cbsa,09999,Seattle-Tacoma-Bremerton  WA CMSA,,,,09999,15273,24187,0.6315,2373109,8914,667989,3041098,ma2001a.txt,cbsa
2001,cbsa,09999,Washington-Baltimore  DC-MD-VA-WV CMSA,,,,09999,38574,50398,0.7654,4767847,11824,715227,5483074,ma2001a.txt,cbsa
2002,cbsa,09999,Abilene  TX MSA,,,,09999,153,181,0.8453,23080,28,1525,24605,ma2002a.txt,cbsa
2002,cbsa,09999,Albany  GA MSA,,,,09999,544,600,0.9067,61130,56,3525,64655,ma2002a.txt,cbsa
2002,cbsa,09999,Albany-Schenectady-Troy  NY MSA,,,,09999,2707,3294,0.8218,448174,587,37063,485237,ma2002a.txt,cbsa
2002,cbsa,09999,Albuquerque  NM MSA,,,,09999,5803,7022,0.8264,624005,1219,50751,674756,ma2002a.txt,cbsa
2002,cbsa,09999,Alexandria  LA MSA,,,,09999,432,534,0.809,48477,102,6109,54586,ma2002a.txt,cbsa
2002,cbsa,09999,Allentown-Bethlehem-Easton  PA MSA,,,,09999,3335,3686,0.9048,440781,351,29984,470765,ma2002a.txt,cbsa
2002,cbsa,09999,Altoona  PA MSA,,,,09999,235,321,0.7321,30138,86,2590,32728,ma2002a.txt,cbsa
2002,cbsa,09999,Amarillo  TX MSA,,,,09999,722,910,0.7934,104591,188,7870,112461,ma2002a.txt,cbsa
2002,cbsa,09999,Anchorage  AK MSA,,,,09999,923,1988,0.4643,190964,1065,135002,325966,ma2002a.txt,cbsa
2002,cbsa,09999,Anniston  AL MSA,,,,09999,215,233,0.9227,23895,18,925,24820,ma2002a.txt,cbsa
2002,cbsa,09999,Appleton-Oshkosh-Neenah  WI MSA,,,,09999,2160,3538,0.6105,339260,1378,74537,413797,ma2002a.txt,cbsa
2002,cbsa,09999,Asheville  NC MSA,,,,09999,1449,2277,0.6364,233609,828,33625,267234,ma2002a.txt,cbsa
2002,cbsa,09999,Athens  GA MSA,,,,09999,1317,2262,0.5822,178231,945,44868,223099,ma2002a.txt,cbsa
2002,cbsa,09999,Atlanta  GA MSA,,,,09999,50151,66551,0.7536,5890496,16400,958847,6849343,ma2002a.txt,cbsa
2002,cbsa,09999,Auburn-Opelika  AL MSA,,,,09999,421,1316,0.3199,59981,895,47812,107793,ma2002a.txt,cbsa
2002,cbsa,09999,Augusta-Aiken  GA-SC MSA,,,,09999,2892,3499,0.8265,333381,607,25506,358887,ma2002a.txt,cbsa
2002,cbsa,09999,Austin-San Marcos  TX MSA,,,,09999,11041,17201,0.6419,1461478,6160,246612,1708090,ma2002a.txt,cbsa
2002,cbsa,09999,Bakersfield  CA MSA,,,,09999,4496,4509,0.9971,590171,13,615,590786,ma2002a.txt,cbsa
2002,cbsa,09999,Bangor  ME MSA,,,,09999,313,367,0.8529,37648,54,3492,41140,ma2002a.txt,cbsa
2002,cbsa,09999,Barnstable-Yarmouth  MA MSA,,,,09999,883,932,0.9474,203582,49,3613,207195,ma2002a.txt,cbsa
2002,cbsa,09999,Baton Rouge  LA MSA,,,,09999,3294,4002,0.8231,348693,708,33373,382066,ma2002a.txt,cbsa
2002,cbsa,09999,Beaumont-Port Arthur  TX MSA,,,,09999,803,897,0.8952,98265,94,4556,102821,ma2002a.txt,cbsa
2002,cbsa,09999,Bellingham  WA MSA,,,,09999,1107,1537,0.7202,174636,430,26253,200889,ma2002a.txt,cbsa
2002,cbsa,09999,Benton Harbor  MI MSA,,,,09999,608,614,0.9902,100770,6,542,101312,ma2002a.txt,cbsa
2002,cbsa,09999,Billings  MT MSA,,,,09999,576,698,0.8252,72352,122,6817,79169,ma2002a.txt,cbsa
2002,cbsa,09999,Biloxi-Gulfport-Pascagoula  MS MSA,,,,09999,1996,2338,0.8537,207448,342,14527,221975,ma2002a.txt,cbsa
2002,cbsa,09999,Binghamton  NY MSA,,,,09999,331,390,0.8487,49480,59,1100,50580,ma2002a.txt,cbsa
2002,cbsa,09999,Birmingham  AL MSA,,,,09999,4918,5177,0.95,716830,259,14218,731048,ma2002a.txt,cbsa
2002,cbsa,09999,Bismarck  ND MSA,,,,09999,587,864,0.6794,88388,277,16936,105324,ma2002a.txt,cbsa
2002,cbsa,09999,Bloomington  IN MSA,,,,09999,589,1042,0.5653,86252,453,32556,118808,ma2002a.txt,cbsa
2002,cbsa,09999,Bloomington-Normal  IL MSA,,,,09999,942,1698,0.5548,105476,756,27730,133206,ma2002a.txt,cbsa
2002,cbsa,09999,Boise City  ID MSA,,,,09999,5827,6754,0.8627,836518,927,53569,890087,ma2002a.txt,cbsa
2002,cbsa,09999,Brownsville-Harlingen-San Benito  TX MSA,,,,09999,3178,3917,0.8113,231964,739,40092,272056,ma2002a.txt,cbsa
2002,cbsa,09999,Bryan-College Station  TX MSA,,,,09999,967,1807,0.5351,96237,840,45461,141698,ma2002a.txt,cbsa
2002,cbsa,09999,Buffalo-Niagara Falls  NY MSA,,,,09999,2481,2960,0.8382,402883,479,29476,432359,ma2002a.txt,cbsa
2002,cbsa,09999,Burlington  VT MSA,,,,09999,433,855,0.5064,71958,422,21445,93403,ma2002a.txt,cbsa
2002,cbsa,09999,Canton-Massillon  OH MSA,,,,09999,1235,1400,0.8821,212533,165,10185,222718,ma2002a.txt,cbsa
2002,cbsa,09999,Casper  WY MSA,,,,09999,140,150,0.9333,26224,10,400,26624,ma2002a.txt,cbsa
2002,cbsa,09999,Cedar Rapids  IA MSA,,,,09999,931,1661,0.5605,104100,730,28188,132288,ma2002a.txt,cbsa
2002,cbsa,09999,Champaign-Urbana  IL MSA,,,,09999,838,1480,0.5662,121186,642,36570,157756,ma2002a.txt,cbsa
2002,cbsa,09999,Charleston-North Charleston  SC MSA,,,,09999,4984,5981,0.8333,766780,997,71244,838024,ma2002a.txt,cbsa
2002,cbsa,09999,Charleston  WV MSA,,,,09999,297,410,0.7244,38471,113,7238,45709,ma2002a.txt,cbsa
2002,cbsa,09999,Charlotte-Gastonia-Rock Hill  NC-SC MSA,,,,09999,17311,20682,0.837,2223852,3371,190583,2414435,ma2002a.txt,cbsa
2002,cbsa,09999,Charlottesville  VA MSA,,,,09999,1331,2516,0.529,237527,1185,74459,311986,ma2002a.txt,cbsa
2002,cbsa,09999,Chattanooga  TN-GA MSA,,,,09999,2511,2923,0.859,307502,412,16829,324331,ma2002a.txt,cbsa
2002,cbsa,09999,Cheyenne  WY MSA,,,,09999,446,478,0.9331,60346,32,1762,62108,ma2002a.txt,cbsa
2002,cbsa,09999,Chico-Paradise  CA MSA,,,,09999,1152,1186,0.9713,136461,34,2201,138662,ma2002a.txt,cbsa
2002,cbsa,09999,Clarksville-Hopkinsville  TN-KY MSA,,,,09999,1296,1668,0.777,119255,372,14995,134250,ma2002a.txt,cbsa
2002,cbsa,09999,Colorado Springs  CO MSA,,,,09999,4999,6827,0.7322,600832,1828,153330,754162,ma2002a.txt,cbsa
2002,cbsa,09999,Columbia  MO MSA,,,,09999,1131,1786,0.6333,149037,655,36514,185551,ma2002a.txt,cbsa
2002,cbsa,09999,Columbia  SC MSA,,,,09999,4285,4649,0.9217,419820,364,14105,433925,ma2002a.txt,cbsa
2002,cbsa,09999,Columbus  GA-AL MSA,,,,09999,1160,1437,0.8072,147938,277,12970,160908,ma2002a.txt,cbsa
2002,cbsa,09999,Columbus  OH MSA,,,,09999,10348,16537,0.6257,1759285,6189,291684,2050969,ma2002a.txt,cbsa
2002,cbsa,09999,Corpus Christi  TX MSA,,,,09999,1333,1892,0.7045,145414,559,37559,182973,ma2002a.txt,cbsa
2002,cbsa,09999,Corvallis OR MSA,,,,09999,357,369,0.9675,63296,12,830,64126,ma2002a.txt,cbsa
2002,cbsa,09999,Cumberland  MD-WV MSA,,,,09999,196,208,0.9423,20874,12,360,21234,ma2002a.txt,cbsa
2002,cbsa,09999,Danville  VA MSA,,,,09999,244,262,0.9313,30069,18,926,30995,ma2002a.txt,cbsa
2002,cbsa,09999,Davenport-Moline-Rock Island  IA-IL MSA,,,,09999,885,1262,0.7013,130139,377,17763,147902,ma2002a.txt,cbsa
2002,cbsa,09999,Dayton-Springfield  OH MSA,,,,09999,2632,3361,0.7831,393800,729,54207,448007,ma2002a.txt,cbsa
2002,cbsa,09999,Daytona Beach  FL MSA,,,,09999,6231,7259,0.8584,837047,1028,82862,919909,ma2002a.txt,cbsa
2002,cbsa,09999,Decatur  Al MSA,,,,09999,409,409,1.0,45228,0,0,45228,ma2002a.txt,cbsa
2002,cbsa,09999,Decatur  IL MSA,,,,09999,174,393,0.4427,28613,219,10752,39365,ma2002a.txt,cbsa
2002,cbsa,09999,Des Moines  IA MSA,,,,09999,3308,4713,0.7019,484677,1405,125002,609679,ma2002a.txt,cbsa
2002,cbsa,09999,Dothan  AL MSA,,,,09999,407,407,1.0,32073,0,0,32073,ma2002a.txt,cbsa
2002,cbsa,09999,Dover  DE MSA,,,,09999,1442,1452,0.9931,157940,10,355,158295,ma2002a.txt,cbsa
2002,cbsa,09999,Dubuque  IA MSA,,,,09999,384,497,0.7726,60604,113,12390,72994,ma2002a.txt,cbsa
2002,cbsa,09999,Duluth-Superior  MN-WI MSA,,,,09999,822,840,0.9786,88137,18,1955,90092,ma2002a.txt,cbsa
2002,cbsa,09999,Eau Claire  WI MSA,,,,09999,846,1370,0.6175,113732,524,35273,149005,ma2002a.txt,cbsa
2002,cbsa,09999,El Paso  TX MSA,,,,09999,3459,3710,0.9323,190225,251,10834,201059,ma2002a.txt,cbsa
2002,cbsa,09999,Elkhart-Goshen  IN MSA,,,,09999,989,1606,0.6158,124503,617,24590,149093,ma2002a.txt,cbsa
2002,cbsa,09999,Elmira  NY MSA,,,,09999,109,141,0.773,14836,32,2423,17259,ma2002a.txt,cbsa
2002,cbsa,09999,Enid  OK MSA,,,,09999,84,167,0.503,15165,83,5647,20812,ma2002a.txt,cbsa
2002,cbsa,09999,Erie  PA MSA,,,,09999,593,643,0.9222,75183,50,3102,78285,ma2002a.txt,cbsa
2002,cbsa,09999,Eugene-Springfield  OR MSA,,,,09999,1400,1625,0.8615,234020,225,17384,251404,ma2002a.txt,cbsa
2002,cbsa,09999,Evansville-Henderson  IN-KY MSA,,,,09999,1360,1740,0.7816,166333,380,13753,180086,ma2002a.txt,cbsa
2002,cbsa,09999,Fargo-Moorhead  ND-MN MSA,,,,09999,1062,2159,0.4919,127874,1097,53239,181113,ma2002a.txt,cbsa
2002,cbsa,09999,Fayetteville  NC MSA,,,,09999,1402,2369,0.5918,151266,967,60622,211888,ma2002a.txt,cbsa
2002,cbsa,09999,Fayetteville-Springdale-Rogers  AR MSA,,,,09999,2376,3949,0.6017,309113,1573,68768,377881,ma2002a.txt,cbsa
2002,cbsa,09999,Flagstaff  AZ-UT MSA,,,,09999,943,981,0.9613,126688,38,3194,129882,ma2002a.txt,cbsa
2002,cbsa,09999,Florence  AL MSA,,,,09999,213,326,0.6534,20266,113,4677,24943,ma2002a.txt,cbsa
2002,cbsa,09999,Florence  SC MSA,,,,09999,473,507,0.9329,64921,34,1742,66663,ma2002a.txt,cbsa
2002,cbsa,09999,Fort Collins-Loveland  CO MSA,,,,09999,2530,3036,0.8333,359280,506,38473,397753,ma2002a.txt,cbsa
2002,cbsa,09999,Fort Myers-Cape Coral  FL MSA,,,,09999,7149,11146,0.6414,1062479,3997,397216,1459695,ma2002a.txt,cbsa
2002,cbsa,09999,Fort Pierce-Port St. Lucie  FL MSA,,,,09999,4744,6032,0.7865,673023,1288,84075,757098,ma2002a.txt,cbsa
2002,cbsa,09999,Fort Smith  AR-OK MSA,,,,09999,570,914,0.6236,66230,344,18003,84233,ma2002a.txt,cbsa
2002,cbsa,09999,Fort Walton Beach  FL MSA,,,,09999,1438,1936,0.7428,245949,498,64662,310611,ma2002a.txt,cbsa
2002,cbsa,09999,Fort Wayne  IN MSA,,,,09999,2759,3417,0.8074,426634,658,30387,457021,ma2002a.txt,cbsa
2002,cbsa,09999,Fresno  CA MSA,,,,09999,4564,4818,0.9473,683553,254,19244,702797,ma2002a.txt,cbsa
2002,cbsa,09999,Gadsden  AL MSA,,,,09999,254,328,0.7744,28100,74,3545,31645,ma2002a.txt,cbsa
2002,cbsa,09999,Gainesville  FL MSA,,,,09999,1023,1791,0.5712,119649,768,36790,156439,ma2002a.txt,cbsa
2002,cbsa,09999,Glens Falls  NY MSA,,,,09999,610,736,0.8288,102064,126,4607,106671,ma2002a.txt,cbsa
2002,cbsa,09999,Goldsboro  NC MSA,,,,09999,425,433,0.9815,47050,8,302,47352,ma2002a.txt,cbsa
2002,cbsa,09999,Grand Forks  ND-MN MSA,,,,09999,229,371,0.6173,30394,142,8963,39357,ma2002a.txt,cbsa
2002,cbsa,09999,Grand Junction  CO MSA,,,,09999,1287,1370,0.9394,146353,83,5511,151864,ma2002a.txt,cbsa
2002,cbsa,09999,Grand Rapids-Muskegon-Holland  MI MSA,,,,09999,5788,7304,0.7924,856651,1516,101458,958109,ma2002a.txt,cbsa
2002,cbsa,09999,Great Falls  MT MSA,,,,09999,112,120,0.9333,17622,8,312,17934,ma2002a.txt,cbsa
2002,cbsa,09999,Green Bay  WI MSA,,,,09999,1259,2137,0.5891,207134,878,49257,256391,ma2002a.txt,cbsa
2002,cbsa,09999,Greensboro--Winston-Salem--High Point  NC MSA,,,,09999,8917,11211,0.7954,1083816,2294,97205,1181021,ma2002a.txt,cbsa
2002,cbsa,09999,Greenville  NC MSA,,,,09999,811,1837,0.4415,105871,1026,42599,148470,ma2002a.txt,cbsa
2002,cbsa,09999,Greenville-Spartanburg-Anderson  SC MSA,,,,09999,6766,7850,0.8619,685950,1084,41047,726997,ma2002a.txt,cbsa
2002,cbsa,09999,Harrisburg-Lebanon-Carlisle  PA MSA,,,,09999,3014,3196,0.9431,365382,182,13884,379266,ma2002a.txt,cbsa
2002,cbsa,09999,Hartford  CT MSA,,,,09999,3267,3945,0.8281,448305,678,25867,474172,ma2002a.txt,cbsa
2002,cbsa,09999,Hattiesburg  MS MSA,,,,09999,131,449,0.2918,11857,318,15886,27743,ma2002a.txt,cbsa
2002,cbsa,09999,Hickory-Morganton-Lenoir  NC MSA,,,,09999,1706,1875,0.9099,227131,169,8119,235250,ma2002a.txt,cbsa
2002,cbsa,09999,Honolulu  HI MSA,,,,09999,1964,2673,0.7348,334256,709,113852,448108,ma2002a.txt,cbsa
2002,cbsa,09999,Houma  LA MSA,,,,09999,760,794,0.9572,79098,34,1469,80567,ma2002a.txt,cbsa
2002,cbsa,09999,Huntington-Ashland  WV-KY-OH MSA,,,,09999,177,220,0.8045,14224,43,2021,16245,ma2002a.txt,cbsa
2002,cbsa,09999,Huntsville  AL MSA,,,,09999,1199,1659,0.7227,77789,460,18783,96572,ma2002a.txt,cbsa
2002,cbsa,09999,Indianapolis  IN MSA,,,,09999,13143,16643,0.7897,2069087,3500,188390,2257477,ma2002a.txt,cbsa
2002,cbsa,09999,Iowa City  IA MSA,,,,09999,745,1283,0.5807,112413,538,33571,145984,ma2002a.txt,cbsa
2002,cbsa,09999,Jackson  MI MSA,,,,09999,653,928,0.7037,81013,275,19303,100316,ma2002a.txt,cbsa
2002,cbsa,09999,Jackson  MS MSA,,,,09999,2449,3397,0.7209,294928,948,39323,334251,ma2002a.txt,cbsa
2002,cbsa,09999,Jackson  TN MSA,,,,09999,610,684,0.8918,65159,74,3503,68662,ma2002a.txt,cbsa
2002,cbsa,09999,Jacksonville  FL MSA,,,,09999,10847,14217,0.763,1616808,3370,173275,1790083,ma2002a.txt,cbsa
2002,cbsa,09999,Jacksonville  NC MSA,,,,09999,980,1042,0.9405,96844,62,4206,101050,ma2002a.txt,cbsa
2002,cbsa,09999,Jamestown  NY MSA,,,,09999,260,292,0.8904,31098,32,2934,34032,ma2002a.txt,cbsa
2002,cbsa,09999,Janesville-Beloit  WI MSA,,,,09999,577,972,0.5936,77409,395,22353,99762,ma2002a.txt,cbsa
2002,cbsa,09999,Johnson City-Kingsport-Bristol  TN-VA MSA,,,,09999,1753,2053,0.8539,189730,300,10821,200551,ma2002a.txt,cbsa
2002,cbsa,09999,Johnstown  PA MSA,,,,09999,395,437,0.9039,42883,42,3071,45954,ma2002a.txt,cbsa
2002,cbsa,09999,Jonesboro  AR MSA,,,,09999,458,492,0.9309,46970,34,1749,48719,ma2002a.txt,cbsa
2002,cbsa,09999,Joplin  MO MSA,,,,09999,443,476,0.9307,39264,33,1335,40599,ma2002a.txt,cbsa
2002,cbsa,09999,Kalamazoo-Battle Creek  MI MSA,,,,09999,1776,2172,0.8177,249375,396,30061,279436,ma2002a.txt,cbsa
2002,cbsa,09999,Kansas City  MO-KS MSA,,,,09999,10741,13809,0.7778,1560890,3068,261276,1822166,ma2002a.txt,cbsa
2002,cbsa,09999,Killeen-Temple  TX MSA,,,,09999,1834,2945,0.6228,211224,1111,53952,265176,ma2002a.txt,cbsa
2002,cbsa,09999,Knoxville  TN MSA,,,,09999,3663,4768,0.7682,427704,1105,88050,515754,ma2002a.txt,cbsa
2002,cbsa,09999,Kokomo  IN MSA,,,,09999,432,500,0.864,59567,68,5568,65135,ma2002a.txt,cbsa
2002,cbsa,09999,La Crosse  WI-MN MSA,,,,09999,494,624,0.7917,74770,130,7297,82067,ma2002a.txt,cbsa
2002,cbsa,09999,Lafayette  LA MSA,,,,09999,1624,2113,0.7686,185037,489,25080,210117,ma2002a.txt,cbsa
2002,cbsa,09999,Lafayette  IN MSA,,,,09999,942,1379,0.6831,130842,437,39157,169999,ma2002a.txt,cbsa
2002,cbsa,09999,Lake Charles  LA MSA,,,,09999,857,929,0.9225,80586,72,2589,83175,ma2002a.txt,cbsa
2002,cbsa,09999,Lakeland-Winter Haven  FL MSA,,,,09999,4422,4972,0.8894,370260,550,27316,397576,ma2002a.txt,cbsa
2002,cbsa,09999,Lancaster  PA MSA,,,,09999,2077,2548,0.8151,275277,471,38039,313316,ma2002a.txt,cbsa
2002,cbsa,09999,Lansing-East Lansing  MI MSA,,,,09999,1768,2406,0.7348,263412,638,34305,297717,ma2002a.txt,cbsa
2002,cbsa,09999,Laredo  TX MSA,,,,09999,1439,1805,0.7972,117426,366,15548,132974,ma2002a.txt,cbsa
2002,cbsa,09999,Las Cruces  NM MSA,,,,09999,906,1213,0.7469,135268,307,13326,148594,ma2002a.txt,cbsa
2002,cbsa,09999,Las Vegas  NV-AZ MSA,,,,09999,24702,31951,0.7731,2990253,7249,479572,3469825,ma2002a.txt,cbsa
2002,cbsa,09999,Lawrence  KS MSA,,,,09999,436,948,0.4599,63221,512,35963,99184,ma2002a.txt,cbsa
2002,cbsa,09999,Lawton  OK MSA,,,,09999,142,162,0.8765,17158,20,330,17488,ma2002a.txt,cbsa
2002,cbsa,09999,Lewiston-Auburn  ME MSA,,,,09999,263,278,0.946,34404,15,1840,36244,ma2002a.txt,cbsa
2002,cbsa,09999,Lexington  KY MSA,,,,09999,3919,4478,0.8752,435663,559,30534,466197,ma2002a.txt,cbsa
2002,cbsa,09999,Lima  OH MSA,,,,09999,363,379,0.9578,53152,16,969,54121,ma2002a.txt,cbsa
2002,cbsa,09999,Lincoln  NE MSA,,,,09999,1534,1902,0.8065,214078,368,19606,233684,ma2002a.txt,cbsa
2002,cbsa,09999,Little Rock-North Little Rock  AR MSA,,,,09999,2731,4503,0.6065,413586,1772,70922,484508,ma2002a.txt,cbsa
2002,cbsa,09999,Longview-Marshall  TX MSA,,,,09999,348,348,1.0,43000,0,0,43000,ma2002a.txt,cbsa
2002,cbsa,09999,Louisville  KY-IN MSA,,,,09999,5460,6726,0.8118,795906,1266,62802,858708,ma2002a.txt,cbsa
2002,cbsa,09999,Lubbock  TX MSA,,,,09999,1347,1873,0.7192,160540,526,28046,188586,ma2002a.txt,cbsa
2002,cbsa,09999,Lynchburg  VA MSA,,,,09999,1136,1391,0.8167,156929,255,16611,173540,ma2002a.txt,cbsa
2002,cbsa,09999,Macon  GA MSA,,,,09999,2292,2400,0.955,219612,108,5725,225337,ma2002a.txt,cbsa
2002,cbsa,09999,Madison  WI MSA,,,,09999,2472,4335,0.5702,441777,1863,152252,594029,ma2002a.txt,cbsa
2002,cbsa,09999,Mansfield  OH MSA,,,,09999,439,528,0.8314,57779,89,7986,65765,ma2002a.txt,cbsa
2002,cbsa,09999,McAllen-Edinburg-Mission  TX MSA,,,,09999,6418,7477,0.8584,373652,1059,34600,408252,ma2002a.txt,cbsa
2002,cbsa,09999,Medford-Ashland  OR MSA,,,,09999,1439,1548,0.9296,197840,109,7959,205799,ma2002a.txt,cbsa
2002,cbsa,09999,Melbourne-Titusville-Palm Bay  FL MSA,,,,09999,4956,6622,0.7484,719409,1666,146767,866176,ma2002a.txt,cbsa
2002,cbsa,09999,Memphis  TN-AR-MS MSA,,,,09999,7078,8674,0.816,993019,1596,104383,1097402,ma2002a.txt,cbsa
2002,cbsa,09999,Merced  CA MSA,,,,09999,1674,1753,0.9549,241134,79,2546,243680,ma2002a.txt,cbsa
2002,cbsa,09999,Minneapolis-St. Paul  MN-WI MSA,,,,09999,17579,25751,0.6827,2999407,8172,817396,3816803,ma2002a.txt,cbsa
2002,cbsa,09999,Missoula  MT MSA,,,,09999,396,1127,0.3514,39181,731,31825,71006,ma2002a.txt,cbsa
2002,cbsa,09999,Mobile  AL MSA,,,,09999,3649,3934,0.9276,424188,285,15269,439457,ma2002a.txt,cbsa
2002,cbsa,09999,Modesto  CA MSA,,,,09999,2991,3173,0.9426,437708,182,12976,450684,ma2002a.txt,cbsa
2002,cbsa,09999,Monroe  LA MSA,,,,09999,441,485,0.9093,61141,44,1750,62891,ma2002a.txt,cbsa
2002,cbsa,09999,Montgomery  AL MSA,,,,09999,1569,1609,0.9751,165772,40,665,166437,ma2002a.txt,cbsa
2002,cbsa,09999,Muncie  IN MSA,,,,09999,293,313,0.9361,48331,20,1062,49393,ma2002a.txt,cbsa
2002,cbsa,09999,Myrtle Beach  SC MSA,,,,09999,2432,4017,0.6054,308263,1585,178010,486273,ma2002a.txt,cbsa
2002,cbsa,09999,Naples  FL MSA,,,,09999,4173,7282,0.5731,686756,3109,426792,1113548,ma2002a.txt,cbsa
2002,cbsa,09999,Nashville  TN MSA,,,,09999,10553,11618,0.9083,1460034,1065,82486,1542520,ma2002a.txt,cbsa
2002,cbsa,09999,New London-Norwich  CT-RI MSA,,,,09999,953,1070,0.8907,152224,117,5390,157614,ma2002a.txt,cbsa
2002,cbsa,09999,New Orleans  LA MSA,,,,09999,4357,5414,0.8048,571512,1057,61817,633329,ma2002a.txt,cbsa
2002,cbsa,09999,Norfolk-Virginia Beach-Newport News  VA-NC MSA,,,,09999,7632,10159,0.7513,1036990,2527,106409,1143399,ma2002a.txt,cbsa
2002,cbsa,09999,Ocala  FL MSA,,,,09999,5384,6161,0.8739,642376,777,24402,666778,ma2002a.txt,cbsa
2002,cbsa,09999,Odessa-Midland  TX MSA,,,,09999,355,427,0.8314,45480,72,3695,49175,ma2002a.txt,cbsa
2002,cbsa,09999,Oklahoma City  OK MSA,,,,09999,5730,6143,0.9328,774767,413,24444,799211,ma2002a.txt,cbsa
2002,cbsa,09999,Omaha  NE-IA MSA,,,,09999,4403,5703,0.772,538571,1300,76543,615114,ma2002a.txt,cbsa
2002,cbsa,09999,Orlando  FL MSA,,,,09999,17306,26208,0.6603,2447614,8902,509052,2956666,ma2002a.txt,cbsa
2002,cbsa,09999,Owensboro  KY MSA,,,,09999,1035,1073,0.9646,84482,38,1768,86250,ma2002a.txt,cbsa
2002,cbsa,09999,Panama City  FL MSA,,,,09999,1111,1616,0.6875,148154,505,48191,196345,ma2002a.txt,cbsa
2002,cbsa,09999,Parkersburg-Marietta  WV-OH MSA,,,,09999,198,224,0.8839,23928,26,898,24826,ma2002a.txt,cbsa
2002,cbsa,09999,Pensacola  FL MSA,,,,09999,2832,3213,0.8814,312578,381,20363,332941,ma2002a.txt,cbsa
2002,cbsa,09999,Peoria-Pekin  IL MSA,,,,09999,1201,1328,0.9044,171310,127,11572,182882,ma2002a.txt,cbsa
2002,cbsa,09999,Phoenix-Mesa  AZ MSA,,,,09999,40002,47899,0.8351,5895670,7897,473473,6369143,ma2002a.txt,cbsa
2002,cbsa,09999,Pine Bluff  AR MSA,,,,09999,115,147,0.7823,8748,32,1310,10058,ma2002a.txt,cbsa
2002,cbsa,09999,Pittsburgh  PA MSA,,,,09999,5160,6869,0.7512,783809,1709,134446,918255,ma2002a.txt,cbsa
2002,cbsa,09999,Pittsfield  MA MSA,,,,09999,162,164,0.9878,30782,2,99,30881,ma2002a.txt,cbsa
2002,cbsa,09999,Pocatello  ID MSA,,,,09999,301,346,0.8699,31357,45,2150,33507,ma2002a.txt,cbsa
2002,cbsa,09999,Portland  ME MSA,,,,09999,1254,1560,0.8038,200036,306,26279,226315,ma2002a.txt,cbsa
2002,cbsa,09999,Providence-Fall River-Warwick  RI-MA MSA,,,,09999,2486,3220,0.772,362457,734,31624,394081,ma2002a.txt,cbsa
2002,cbsa,09999,Provo-Orem  UT MSA,,,,09999,2920,3725,0.7839,470548,805,75230,545778,ma2002a.txt,cbsa
2002,cbsa,09999,Pueblo  CO MSA,,,,09999,1075,1303,0.825,114348,228,8501,122849,ma2002a.txt,cbsa
2002,cbsa,09999,Punta Gorda  FL MSA,,,,09999,1589,1992,0.7977,242117,403,43425,285542,ma2002a.txt,cbsa
2002,cbsa,09999,Raleigh-Durham-Chapel Hill  NC MSA,,,,09999,13911,16158,0.8609,2048129,2247,182347,2230476,ma2002a.txt,cbsa
2002,cbsa,09999,Rapid City  SD MSA,,,,09999,568,822,0.691,67591,254,13476,81067,ma2002a.txt,cbsa
2002,cbsa,09999,Reading  PA MSA,,,,09999,1754,2121,0.827,235707,367,29618,265325,ma2002a.txt,cbsa
2002,cbsa,09999,Redding  CA MSA,,,,09999,1160,1341,0.865,180408,181,12830,193238,ma2002a.txt,cbsa
2002,cbsa,09999,Reno  NV MSA,,,,09999,3776,4691,0.8049,581056,915,58873,639929,ma2002a.txt,cbsa
2002,cbsa,09999,Richland-Kennewick-Pasco  WA MSA,,,,09999,1893,2247,0.8425,235761,354,18287,254048,ma2002a.txt,cbsa
2002,cbsa,09999,Richmond-Petersburg  VA MSA,,,,09999,6887,8650,0.7962,906342,1763,77508,983850,ma2002a.txt,cbsa
2002,cbsa,09999,Roanoke  VA MSA,,,,09999,977,1060,0.9217,82499,83,6219,88718,ma2002a.txt,cbsa
2002,cbsa,09999,Rochester  MN MSA,,,,09999,1279,1532,0.8349,190106,253,53133,243239,ma2002a.txt,cbsa
2002,cbsa,09999,Rochester  NY MSA,,,,09999,2554,3091,0.8263,413689,537,27037,440726,ma2002a.txt,cbsa
2002,cbsa,09999,Rockford  IL MSA,,,,09999,1794,2245,0.7991,174479,451,21484,195963,ma2002a.txt,cbsa
2002,cbsa,09999,Rocky Mount  NC MSA,,,,09999,645,912,0.7072,56752,267,15879,72631,ma2002a.txt,cbsa
2002,cbsa,09999,Saginaw-Bay City-Midland  MI MSA,,,,09999,1196,1229,0.9731,154498,33,2920,157418,ma2002a.txt,cbsa
2002,cbsa,09999,St. Cloud  MN MSA,,,,09999,1474,1848,0.7976,196593,374,20920,217513,ma2002a.txt,cbsa
2002,cbsa,09999,St. Joseph  MO MSA,,,,09999,226,272,0.8309,31603,46,4093,35696,ma2002a.txt,cbsa
2002,cbsa,09999,St. Louis  MO-IL MSA,,,,09999,11002,14023,0.7846,1537636,3021,196037,1733673,ma2002a.txt,cbsa
2002,cbsa,09999,Salinas  CA MSA,,,,09999,1054,1222,0.8625,250502,168,9940,260442,ma2002a.txt,cbsa
2002,cbsa,09999,Salt Lake City-Ogden  UT MSA,,,,09999,7546,9530,0.7918,1010317,1984,160583,1170900,ma2002a.txt,cbsa
2002,cbsa,09999,San Angelo  TX MSA,,,,09999,251,251,1.0,29165,0,0,29165,ma2002a.txt,cbsa
2002,cbsa,09999,San Antonio  TX MSA,,,,09999,10051,12772,0.787,958393,2721,107145,1065538,ma2002a.txt,cbsa
2002,cbsa,09999,San Diego  CA MSA,,,,09999,8880,13684,0.6489,2073638,4804,425901,2499539,ma2002a.txt,cbsa
2002,cbsa,09999,San Luis Obispo-Atascadero-Paso Robles  CA MSA,,,,09999,1690,1993,0.848,299886,303,20134,320020,ma2002a.txt,cbsa
2002,cbsa,09999,Santa Barbara-Santa Maria-Lompoc  CA MSA,,,,09999,953,1696,0.5619,206157,743,68832,274989,ma2002a.txt,cbsa
2002,cbsa,09999,Santa Fe  NM MSA,,,,09999,739,767,0.9635,118058,28,2188,120246,ma2002a.txt,cbsa
2002,cbsa,09999,Sarasota-Bradenton  FL MSA,,,,09999,6903,10186,0.6777,1170176,3283,254987,1425163,ma2002a.txt,cbsa
2002,cbsa,09999,Savannah  GA MSA,,,,09999,1980,2691,0.7358,264560,711,42675,307235,ma2002a.txt,cbsa
2002,cbsa,09999,Scranton--Wilkes-Barre--Hazleton  PA MSA,,,,09999,1460,1735,0.8415,194350,275,16666,211016,ma2002a.txt,cbsa
2002,cbsa,09999,Sharon  PA MSA,,,,09999,421,461,0.9132,47358,40,1460,48818,ma2002a.txt,cbsa
2002,cbsa,09999,Sheboygan  WI MSA,,,,09999,405,680,0.5956,67241,275,12372,79613,ma2002a.txt,cbsa
2002,cbsa,09999,Sherman-Denison  TX MSA,,,,09999,340,356,0.9551,34104,16,1304,35408,ma2002a.txt,cbsa
2002,cbsa,09999,Shreveport-Bossier City  LA MSA,,,,09999,1218,1442,0.8447,177015,224,5213,182228,ma2002a.txt,cbsa
2002,cbsa,09999,Sioux City  IA-NE MSA,,,,09999,256,271,0.9446,29274,15,1185,30459,ma2002a.txt,cbsa
2002,cbsa,09999,Sioux Falls  SD MSA,,,,09999,1569,1999,0.7849,170948,430,24084,195032,ma2002a.txt,cbsa
2002,cbsa,09999,South Bend  IN MSA,,,,09999,783,1181,0.663,126464,398,17586,144050,ma2002a.txt,cbsa
2002,cbsa,09999,Spokane  WA MSA,,,,09999,1493,2066,0.7227,194834,573,34464,229298,ma2002a.txt,cbsa
2002,cbsa,09999,Springfield  IL MSA,,,,09999,674,930,0.7247,95137,256,15175,110312,ma2002a.txt,cbsa
2002,cbsa,09999,Springfield  MO MSA,,,,09999,2319,3419,0.6783,314682,1100,39940,354622,ma2002a.txt,cbsa
2002,cbsa,09999,Springfield  MA MSA,,,,09999,1121,1293,0.867,183553,172,13782,197335,ma2002a.txt,cbsa
2002,cbsa,09999,State College  PA MSA,,,,09999,877,995,0.8814,110420,118,8094,118514,ma2002a.txt,cbsa
2002,cbsa,09999,Steubenville-Weirton  OH-WV MSA,,,,09999,84,187,0.4492,10692,103,4299,14991,ma2002a.txt,cbsa
2002,cbsa,09999,Stockton-Lodi  CA MSA,,,,09999,5654,6143,0.9204,973300,489,31146,1004446,ma2002a.txt,cbsa
2002,cbsa,09999,Sumter  SC MSA,,,,09999,330,404,0.8168,31794,74,4628,36422,ma2002a.txt,cbsa
2002,cbsa,09999,Syracuse  NY MSA,,,,09999,1742,2083,0.8363,206322,341,15661,221983,ma2002a.txt,cbsa
2002,cbsa,09999,Tallahassee  FL MSA,,,,09999,1616,2824,0.5722,209665,1208,62078,271743,ma2002a.txt,cbsa
2002,cbsa,09999,Tampa-St. Petersburg-Clearwater  FL MSA,,,,09999,17546,23542,0.7453,2196789,5996,371986,2568775,ma2002a.txt,cbsa
2002,cbsa,09999,Terre Haute  IN MSA,,,,09999,368,385,0.9558,47533,17,1459,48992,ma2002a.txt,cbsa
2002,cbsa,09999,Texarkana  TX-Texarkana  AR MSA,,,,09999,224,388,0.5773,19162,164,4433,23595,ma2002a.txt,cbsa
2002,cbsa,09999,Toledo  OH MSA,,,,09999,1860,2393,0.7773,290972,533,28011,318983,ma2002a.txt,cbsa
2002,cbsa,09999,Topeka  KS MSA,,,,09999,669,1077,0.6212,103202,408,16909,120111,ma2002a.txt,cbsa
2002,cbsa,09999,Tucson  AZ MSA,,,,09999,6114,7147,0.8555,903991,1033,75725,979716,ma2002a.txt,cbsa
2002,cbsa,09999,Tulsa  OK MSA,,,,09999,3793,4506,0.8418,502760,713,58371,561131,ma2002a.txt,cbsa
2002,cbsa,09999,Tuscaloosa  AL MSA,,,,09999,634,1300,0.4877,89574,666,17322,106896,ma2002a.txt,cbsa
2002,cbsa,09999,Tyler  TX MSA,,,,09999,548,631,0.8685,81329,83,3858,85187,ma2002a.txt,cbsa
2002,cbsa,09999,Utica-Rome  NY MSA,,,,09999,470,474,0.9916,59459,4,454,59913,ma2002a.txt,cbsa
2002,cbsa,09999,Victoria  TX MSA,,,,09999,212,212,1.0,20056,0,0,20056,ma2002a.txt,cbsa
2002,cbsa,09999,Visalia-Tulare-Porterville  CA MSA,,,,09999,1832,1993,0.9192,245211,161,10743,255954,ma2002a.txt,cbsa
2002,cbsa,09999,Waco  TX MSA,,,,09999,526,793,0.6633,68578,267,13869,82447,ma2002a.txt,cbsa
2002,cbsa,09999,Waterloo-Cedar Falls  IA MSA,,,,09999,255,466,0.5472,38259,211,15451,53710,ma2002a.txt,cbsa
2002,cbsa,09999,Wausau  WI MSA,,,,09999,820,922,0.8894,112482,102,6953,119435,ma2002a.txt,cbsa
2002,cbsa,09999,West Palm Beach-Boca Raton  FL MSA,,,,09999,9437,12960,0.7282,1575381,3523,290169,1865550,ma2002a.txt,cbsa
2002,cbsa,09999,Wheeling  WV-OH MSA,,,,09999,42,44,0.9545,4957,2,150,5107,ma2002a.txt,cbsa
2002,cbsa,09999,Wichita  KS MSA,,,,09999,2817,3178,0.8864,325263,361,18447,343710,ma2002a.txt,cbsa
2002,cbsa,09999,Wichita Falls  TX MSA,,,,09999,256,490,0.5224,31563,234,8234,39797,ma2002a.txt,cbsa
2002,cbsa,09999,Williamsport  PA MSA,,,,09999,321,355,0.9042,35585,34,1873,37458,ma2002a.txt,cbsa
2002,cbsa,09999,Wilmington  NC MSA,,,,09999,4290,5074,0.8455,637493,784,65757,703250,ma2002a.txt,cbsa
2002,cbsa,09999,Yakima  WA MSA,,,,09999,366,534,0.6854,50363,168,9935,60298,ma2002a.txt,cbsa
2002,cbsa,09999,York  PA MSA,,,,09999,2423,2956,0.8197,295783,533,29991,325774,ma2002a.txt,cbsa
2002,cbsa,09999,Youngstown-Warren  OH MSA,,,,09999,1086,1263,0.8599,140082,177,12458,152540,ma2002a.txt,cbsa
2002,cbsa,09999,Yuba City  CA MSA,,,,09999,1033,1041,0.9923,162394,8,711,163105,ma2002a.txt,cbsa
2002,cbsa,09999,Yuma  AZ MSA,,,,09999,1563,1726,0.9056,141242,163,8559,149801,ma2002a.txt,cbsa
2002,cbsa,09999,Boston-Worcester-Lawrence  MA-NH-ME-CT CMSA,,,,09999,12852,17853,0.7199,2278195,5001,406566,2684761,ma2002a.txt,cbsa
2002,cbsa,09999,Chicago-Gary-Kenosha  IL-IN-WI CMSA,,,,09999,33971,49358,0.6883,5874740,15387,1538661,7413401,ma2002a.txt,cbsa
2002,cbsa,09999,Cincinnati-Hamilton  OH-KY-IN CMSA,,,,09999,10417,12703,0.82,1381562,2286,122120,1503682,ma2002a.txt,cbsa
2002,cbsa,09999,Cleveland-Akron  OH CMSA,,,,09999,8791,9878,0.89,1565872,1087,82850,1648722,ma2002a.txt,cbsa
2002,cbsa,09999,Dallas-Fort Worth  TX CMSA,,,,09999,38309,51621,0.7421,6004303,13312,704076,6708379,ma2002a.txt,cbsa
2002,cbsa,09999,Denver-Boulder-Greeley  CO CMSA,,,,09999,19290,28657,0.6731,3045495,9367,631216,3676711,ma2002a.txt,cbsa
2002,cbsa,09999,Detroit-Ann Arbor-Flint  MI CMSA,,,,09999,20697,25251,0.8197,3115521,4554,342357,3457878,ma2002a.txt,cbsa
2002,cbsa,09999,Houston-Galveston-Brazoria  TX CMSA,,,,09999,34636,47037,0.7364,4516650,12401,629803,5146453,ma2002a.txt,cbsa
2002,cbsa,09999,Los Angeles-Riverside-Orange County  CA CMSA,,,,09999,47361,63249,0.7488,9216704,15888,1527662,10744366,ma2002a.txt,cbsa
2002,cbsa,09999,Miami-Fort Lauderdale  FL CMSA,,,,09999,12079,26634,0.4535,1529596,14555,1361899,2891495,ma2002a.txt,cbsa
2002,cbsa,09999,Milwaukee-Racine  WI CMSA,,,,09999,4098,6887,0.595,817119,2789,223329,1040448,ma2002a.txt,cbsa
2002,cbsa,09999,New York-Northern New Jersey-Long Island  NY-NJ-CT-PA CMSA,,,,09999,28825,56017,0.5146,4775046,27192,2179676,6954722,ma2002a.txt,cbsa
2002,cbsa,09999,Philadelphia-Wilmington-Atlantic City  PA-NJ-DE-MD CMSA,,,,09999,19311,22746,0.849,2355189,3435,212318,2567507,ma2002a.txt,cbsa
2002,cbsa,09999,Portland-Salem  OR-WA CMSA,,,,09999,11974,16291,0.735,2067375,4317,344818,2412193,ma2002a.txt,cbsa
2002,cbsa,09999,Sacramento-Yolo  CA CMSA,,,,09999,17614,22099,0.797,3273005,4485,329946,3602951,ma2002a.txt,cbsa
2002,cbsa,09999,San Francisco-Oakland-San Jose  CA CMSA,,,,09999,14929,23031,0.6482,3766644,8102,738621,4505265,ma2002a.txt,cbsa
2002,cbsa,09999,Seattle-Tacoma-Bremerton  WA CMSA,,,,09999,17619,24521,0.7185,2958857,6902,609181,3568038,ma2002a.txt,cbsa
2002,cbsa,09999,Washington-Baltimore  DC-MD-VA-WV CMSA,,,,09999,40331,52951,0.7617,5396535,12620,708869,6105404,ma2002a.txt,cbsa
